temperature,vibration,pressure,rpm,humidity,status
72.48,0.432,91.37,1444.3,59.83,0
86.24,0.903,121.01,1468.5,57.48,1
73.24,0.421,100.18,1452.9,59.14,0
77.62,0.469,104.73,1472.6,63.57,0
68.83,0.311,86.33,1489.3,66.39,0
68.83,0.521,105.93,1541.9,62.85,0
97.35,0.936,95.55,1483.9,60.51,1
73.84,0.418,93.7,1420.7,67.49,0
67.65,0.566,95.12,1557.0,58.44,0
72.71,0.594,106.33,1458.1,65.15,0
67.68,0.339,100.23,1497.1,58.56,0
67.67,0.424,85.94,1522.3,62.16,0
71.21,0.423,90.15,1510.0,59.43,0
60.43,0.406,101.99,1554.7,59.72,0
77.21,0.893,121.81,1524.0,58.11,1
92.74,1.616,139.7,1782.1,66.72,2
64.94,0.474,95.19,1608.9,56.34,0
71.57,0.3,106.96,1509.7,56.3,0
65.46,0.564,94.82,1492.6,70.6,0
83.71,1.283,144.78,1950.9,64.89,2
77.33,0.506,121.7,1512.5,48.07,0
84.97,0.891,113.26,1520.0,57.17,1
83.25,1.009,99.69,1624.6,50.94,1
62.88,0.369,107.84,1486.2,55.25,0
67.28,0.198,93.21,1484.1,44.31,0
108.29,1.917,154.4,1835.1,59.32,2
64.25,0.68,92.19,1553.6,54.29,0
71.88,0.624,97.4,1424.7,60.3,0
67.0,0.521,115.99,1401.7,51.87,0
100.2,1.122,145.41,1824.5,60.41,2
66.99,0.581,108.62,1418.3,57.93,0
97.09,0.812,113.36,1478.8,67.51,1
69.93,0.548,88.49,1525.1,67.06,0
78.2,0.898,91.26,1455.5,63.93,1
74.11,0.606,91.91,1428.7,58.37,0
77.43,1.195,127.7,1503.5,69.93,1
95.55,1.856,147.32,1813.0,52.23,2
60.2,0.449,97.78,1415.3,52.98,0
63.36,0.497,99.78,1541.0,59.58,0
70.98,0.323,93.11,1540.9,71.27,0
73.69,0.431,102.05,1547.7,58.99,0
70.86,0.459,107.66,1560.9,59.08,0
69.42,0.448,83.84,1610.1,52.79,0
68.49,0.515,103.0,1482.2,64.73,0
62.61,0.418,109.32,1505.5,64.77,0
79.65,0.933,112.62,1479.2,63.95,1
67.7,0.5,107.01,1500.1,56.85,0
75.29,0.499,128.15,1576.6,56.47,0
71.72,0.467,98.96,1432.7,53.53,0
61.18,0.516,103.93,1456.9,60.42,0
71.62,0.583,92.62,1568.9,54.6,0
68.07,0.413,101.81,1551.0,54.11,0
66.62,0.434,104.6,1481.8,57.88,0
73.06,0.47,101.95,1542.7,57.55,0
107.98,1.502,120.58,1836.8,57.31,2
74.66,0.418,102.06,1575.0,62.33,0
83.16,0.947,142.39,1503.7,60.4,1
68.45,0.587,104.49,1551.3,58.56,0
71.66,0.526,109.62,1632.1,60.92,0
74.88,0.519,97.63,1529.9,55.04,0
67.6,0.585,107.5,1502.5,60.53,0
69.07,0.486,102.79,1536.1,60.75,0
64.47,0.539,90.49,1481.7,52.48,0
64.02,0.49,103.19,1619.4,64.98,0
74.06,0.527,90.08,1509.0,55.59,0
76.78,0.442,93.67,1486.4,60.45,0
69.64,0.256,101.89,1458.2,65.82,0
95.29,1.743,153.37,1920.5,64.63,2
71.81,0.642,88.11,1543.4,60.17,0
66.77,0.593,110.54,1475.1,58.19,0
71.81,0.597,105.72,1528.8,64.74,0
98.05,1.899,148.38,1717.2,63.37,2
69.82,0.509,84.62,1509.2,56.91,0
77.82,0.52,98.55,1522.6,56.03,0
56.9,0.438,95.54,1585.4,49.64,0
74.11,0.468,101.13,1461.5,60.77,0
70.44,0.562,96.37,1436.1,59.59,0
87.54,1.003,104.21,1455.2,65.68,1
70.46,0.486,96.12,1433.2,61.8,0
60.06,0.455,96.94,1566.8,66.67,0
68.9,0.5,106.34,1577.4,56.51,0
71.79,0.56,93.02,1516.0,65.69,0
77.39,0.356,116.79,1561.1,57.36,0
95.07,1.513,115.07,1940.6,63.89,2
65.96,0.445,113.11,1495.2,52.71,0
86.64,0.804,117.96,1483.3,61.18,1
74.58,0.449,108.6,1484.5,50.08,0
71.64,0.485,100.8,1422.6,58.66,0
67.35,0.455,111.4,1513.2,62.2,0
72.57,0.645,96.13,1498.0,57.4,0
89.88,0.788,107.61,1537.3,54.75,1
74.84,0.53,114.21,1504.7,64.23,0
66.49,0.562,98.87,1491.9,59.48,0
100.51,1.707,148.53,1844.4,57.55,2
81.34,0.99,128.26,1503.6,60.21,1
62.68,0.492,89.68,1536.9,73.18,0
71.48,0.567,105.95,1442.8,65.77,0
71.31,0.393,94.1,1504.4,65.81,0
70.03,0.345,98.68,1511.7,62.18,0
83.01,0.939,125.92,1464.1,60.83,1
96.93,1.078,128.75,1753.1,48.02,2
67.9,0.41,92.21,1511.5,56.61,0
83.93,0.889,139.27,1443.3,57.6,1
77.34,1.004,128.98,1517.5,50.63,1
69.19,0.381,99.37,1455.2,54.21,0
72.02,0.664,102.43,1553.1,50.1,0
79.43,0.41,97.06,1616.9,59.81,0
70.87,0.564,113.57,1457.0,64.09,0
71.29,0.467,98.0,1526.7,65.53,0
83.24,1.036,129.8,1463.7,62.07,1
60.41,0.446,111.46,1552.0,55.18,0
87.37,0.748,119.53,1436.7,50.34,1
70.3,0.504,115.59,1524.0,51.22,0
82.32,0.4,84.7,1456.4,53.66,0
69.04,0.574,116.3,1489.7,55.56,0
71.51,0.449,96.27,1448.4,59.2,0
69.83,0.477,97.57,1541.1,54.93,0
64.16,0.401,81.1,1458.2,61.69,0
97.83,1.269,127.34,1887.4,58.84,2
73.76,0.481,89.6,1482.8,60.05,0
89.98,1.019,115.02,1494.3,65.7,1
102.09,1.121,143.15,1966.1,54.1,2
77.01,0.498,109.58,1461.9,62.09,0
62.99,0.474,102.08,1510.5,59.93,0
72.93,0.502,103.08,1576.5,58.33,0
80.95,0.555,89.04,1461.1,64.43,0
93.26,1.015,138.82,2006.0,64.4,2
67.17,0.611,117.99,1574.9,55.27,0
80.85,0.989,118.2,1459.2,59.09,1
67.48,0.572,116.56,1427.2,61.41,0
62.25,0.544,97.57,1515.1,58.63,0
70.34,0.502,100.02,1472.6,62.93,0
64.69,0.567,110.7,1593.4,61.41,0
72.37,0.559,112.72,1501.7,69.16,0
82.89,0.918,119.7,1459.9,52.35,1
77.75,0.443,96.12,1442.6,59.39,0
66.08,0.51,99.44,1554.5,55.46,0
68.39,0.655,103.38,1471.4,63.02,0
74.07,0.376,108.91,1502.2,51.91,0
63.85,0.353,100.04,1547.8,61.73,0
81.39,0.866,133.58,1475.8,56.85,1
94.43,0.97,145.0,1497.7,56.33,1
76.03,0.923,126.02,1499.2,52.77,1
70.92,0.524,103.12,1534.2,57.67,0
71.3,0.478,84.81,1529.5,65.42,0
73.91,0.649,73.69,1489.0,59.87,0
63.82,0.34,103.88,1503.2,63.14,0
98.44,1.514,155.43,1797.1,68.32,2
72.61,0.49,94.85,1426.1,61.32,0
84.02,0.832,126.53,1512.9,57.21,1
100.6,1.696,156.69,2081.7,62.34,2
103.04,1.249,170.59,1743.9,57.28,2
66.6,0.502,100.86,1461.3,57.48,0
71.16,0.523,92.53,1456.5,52.4,0
71.47,0.374,109.9,1536.2,64.63,0
66.43,0.438,97.83,1522.4,58.07,0
79.33,0.462,105.27,1492.1,60.91,0
72.37,0.468,95.23,1454.1,54.82,0
64.04,0.628,93.5,1504.6,62.18,0
73.28,0.556,100.84,1421.8,56.19,0
65.13,0.389,100.13,1507.2,59.29,0
73.94,0.525,104.8,1543.6,64.39,0
75.79,0.55,97.31,1437.4,63.95,0
85.16,0.965,107.81,1423.4,59.89,1
74.82,0.658,95.67,1579.0,51.16,0
72.06,0.398,107.94,1469.4,74.96,0
74.11,0.419,97.03,1556.8,68.73,0
79.48,0.374,97.54,1492.3,63.61,0
68.77,0.477,109.86,1491.9,56.23,0
66.23,0.547,92.88,1521.9,59.43,0
75.65,0.941,108.44,1455.8,57.28,1
65.92,0.492,98.39,1506.6,66.32,0
69.61,0.468,95.16,1480.9,61.31,0
71.71,0.515,90.34,1434.0,56.08,0
104.7,0.939,140.3,1866.2,57.65,2
74.14,0.709,104.92,1486.8,65.61,0
80.18,0.81,129.5,1492.1,68.0,1
77.27,0.518,103.07,1439.5,67.64,0
68.68,0.702,118.13,1579.6,63.79,0
83.6,0.501,96.57,1543.8,58.74,0
89.87,0.768,130.49,1548.2,43.79,1
65.71,0.464,94.91,1484.7,61.49,0
87.58,1.286,130.61,1670.3,59.99,2
87.16,0.908,109.64,1597.6,60.7,1
68.88,0.279,95.21,1496.9,60.27,0
73.57,0.653,103.59,1462.6,53.37,0
72.37,0.358,123.49,1520.8,62.79,0
69.64,0.473,92.84,1558.4,63.16,0
98.09,1.563,129.34,1991.1,63.41,2
62.43,0.559,99.37,1563.9,64.73,0
81.59,0.692,127.19,1554.1,63.02,1
88.22,1.022,121.28,1446.2,57.95,1
71.07,0.702,112.84,1466.3,59.65,0
63.77,0.364,75.74,1547.9,60.46,0
81.43,0.912,105.72,1364.4,60.54,1
71.93,0.434,95.04,1492.5,64.99,0
80.15,1.038,128.38,1428.5,63.22,1
87.54,0.876,100.77,1476.2,70.39,1
70.29,0.436,69.92,1485.1,71.03,0
64.29,0.549,105.71,1482.1,60.4,0
98.77,1.956,140.33,1886.1,40.82,2
72.8,0.481,89.1,1445.1,66.18,0
75.42,0.572,90.14,1614.6,57.3,0
75.27,0.371,90.3,1593.4,55.99,0
63.11,0.404,101.11,1441.9,58.01,0
65.31,0.547,93.74,1579.1,57.77,0
72.58,0.648,104.94,1480.0,63.06,0
87.53,0.945,97.94,1506.5,52.2,1
110.6,1.03,151.03,1792.3,54.61,2
124.66,1.056,148.25,1757.4,61.72,2
72.85,0.375,97.44,1549.2,63.11,0
86.9,0.926,112.57,1506.3,63.21,1
74.77,0.588,107.98,1476.2,56.06,0
73.26,0.455,81.41,1434.8,55.11,0
68.42,0.453,100.45,1455.3,57.47,0
73.79,0.527,105.58,1417.9,61.2,0
66.14,0.456,118.57,1500.6,67.43,0
68.82,0.493,95.18,1440.2,49.76,0
101.67,1.394,152.84,1775.8,58.9,2
70.41,0.475,81.96,1568.5,53.34,0
81.57,0.464,76.08,1560.0,51.74,0
84.84,1.822,138.98,1898.1,64.83,2
73.43,0.574,99.94,1495.6,62.72,0
61.94,0.482,111.79,1594.0,62.25,0
87.15,0.712,110.57,1526.0,64.61,1
75.44,0.632,105.2,1483.6,57.6,0
70.32,0.642,118.69,1428.7,57.84,0
64.61,0.44,104.2,1519.7,70.93,0
100.92,1.312,153.45,1942.0,58.77,2
73.4,0.601,100.09,1468.4,63.68,0
66.35,0.432,84.29,1514.6,60.03,0
71.08,0.579,113.56,1481.8,50.76,0
90.08,0.682,120.4,1490.8,49.78,1
66.74,0.589,105.04,1375.6,57.11,0
80.72,0.379,84.37,1488.9,65.28,0
73.17,0.573,88.21,1548.5,63.94,0
59.87,0.501,114.35,1468.4,64.57,0
70.93,0.405,96.53,1502.6,55.06,0
81.02,0.741,131.8,1462.2,68.08,1
74.26,0.569,99.22,1518.0,55.18,0
78.7,0.886,108.9,1489.2,61.06,1
69.43,0.558,108.92,1453.0,59.95,0
72.52,0.698,94.1,1566.6,59.13,0
87.26,0.784,123.44,1546.4,66.69,1
64.0,0.662,100.25,1469.8,56.47,0
68.33,0.51,84.57,1524.9,53.25,0
67.63,0.41,101.64,1526.9,60.1,0
78.4,0.782,139.05,1532.1,58.0,1
78.83,0.481,104.93,1415.3,76.89,0
72.02,0.592,99.42,1550.3,63.38,0
63.7,0.487,110.75,1471.5,57.95,0
74.59,0.651,102.11,1482.1,54.72,0
80.61,0.355,102.1,1631.9,50.6,0
75.16,0.499,89.08,1515.1,54.87,0
62.4,0.375,102.34,1480.7,60.57,0
67.58,0.536,110.35,1389.7,67.14,0
93.39,1.004,113.98,1569.5,65.61,1
66.46,0.458,114.24,1432.7,61.15,0
72.22,0.24,99.08,1449.8,58.38,0
73.87,0.52,91.12,1483.4,61.34,0
65.37,0.544,109.98,1570.8,57.41,0
69.7,0.54,97.13,1538.7,68.59,0
53.79,0.624,107.6,1492.1,59.05,0
64.88,0.393,97.08,1515.4,59.57,0
68.74,0.568,99.4,1470.0,48.92,0
63.76,0.619,104.94,1507.0,59.02,0
105.27,1.084,145.63,1772.6,64.18,2
62.85,0.532,80.04,1548.4,54.66,0
84.27,0.884,115.02,1548.4,56.25,1
107.46,1.251,152.57,1766.9,63.96,2
92.72,0.892,123.71,1481.9,52.62,1
62.82,0.451,94.76,1537.1,65.29,0
95.31,0.739,111.27,1495.4,57.34,1
70.05,0.503,89.2,1445.9,58.06,0
65.09,0.391,79.78,1479.8,54.38,0
82.34,0.795,128.54,1504.2,61.89,1
71.0,0.568,94.02,1545.5,72.3,0
67.0,0.385,90.33,1490.8,63.91,0
70.35,0.567,99.32,1439.5,55.68,0
101.84,1.529,134.99,1970.0,65.68,2
70.57,0.327,120.93,1505.7,58.42,0
73.31,0.432,84.88,1509.3,66.87,0
93.16,0.845,135.97,1546.0,64.03,1
63.81,0.402,109.73,1550.9,45.28,0
80.67,0.454,92.21,1470.3,54.98,0
80.11,1.014,123.22,1469.2,64.72,1
69.24,0.578,95.42,1448.0,60.76,0
72.94,0.475,101.86,1534.9,54.88,0
87.15,0.736,141.92,1572.4,56.83,1
66.89,0.642,106.06,1484.2,50.47,0
68.96,0.674,105.09,1487.9,59.56,0
67.53,0.598,95.7,1573.3,71.05,0
67.05,0.509,85.16,1525.3,64.02,0
74.25,0.419,97.92,1521.8,70.95,0
71.79,0.417,112.07,1440.5,64.41,0
66.54,0.552,84.73,1533.9,65.14,0
74.5,0.542,89.45,1453.5,69.87,0
71.54,0.64,101.26,1443.3,61.89,0
74.06,0.565,90.15,1482.7,59.06,0
90.8,0.793,113.79,1470.7,65.16,1
81.93,1.0,125.43,1488.9,67.27,1
67.2,0.4,86.34,1428.0,57.6,0
73.74,0.462,90.26,1547.9,56.39,0
73.05,0.525,107.03,1556.4,60.69,0
69.9,0.7,86.93,1402.6,64.16,0
70.59,0.811,84.02,1548.9,63.99,0
76.39,0.561,93.7,1459.5,52.88,0
84.39,0.8,134.48,1542.8,69.56,1
72.74,0.553,98.03,1496.6,56.79,0
68.99,0.589,95.35,1501.4,58.67,0
68.91,0.468,100.44,1490.7,55.49,0
75.49,0.68,82.54,1560.6,73.49,0
74.13,0.523,104.95,1438.0,61.21,0
105.95,1.505,153.85,1931.3,55.75,2
76.53,0.567,95.91,1555.1,64.32,0
82.33,0.931,132.1,1535.8,63.85,1
73.41,0.584,88.73,1616.2,59.06,0
81.83,0.793,131.49,1473.6,64.2,1
71.62,0.444,101.54,1547.9,55.87,0
86.42,0.778,126.18,1494.7,57.54,1
70.48,0.544,99.8,1561.7,49.95,0
72.98,0.578,98.93,1499.6,53.38,0
90.23,1.37,156.17,1713.0,69.04,2
80.46,0.667,89.23,1565.3,68.21,0
84.05,0.948,122.19,1475.4,60.33,1
74.76,0.858,137.52,1429.4,68.31,1
100.76,1.332,143.26,1846.1,59.2,2
86.41,0.913,126.61,1531.0,58.78,1
73.12,0.57,116.99,1569.6,60.28,0
73.14,0.585,95.98,1505.6,59.38,0
93.26,1.822,141.92,2043.0,58.92,2
65.51,0.493,88.46,1432.1,65.72,0
70.38,0.348,107.55,1477.8,60.75,0
66.61,0.464,101.99,1485.6,63.56,0
74.88,0.589,104.73,1494.3,65.16,0
69.26,0.558,93.54,1504.2,61.94,0
65.87,0.55,83.39,1534.5,55.15,0
90.3,1.279,163.55,1882.8,53.24,2
92.38,1.894,136.57,1823.4,60.74,2
97.6,1.611,136.89,1954.3,59.14,2
65.89,0.57,109.41,1453.7,60.44,0
106.46,1.085,147.31,1907.3,59.92,2
89.06,0.792,144.81,1492.8,72.92,1
67.47,0.447,110.25,1491.7,53.35,0
67.64,0.285,93.46,1501.6,50.05,0
71.16,0.61,100.27,1503.8,61.66,0
62.76,0.452,99.53,1478.4,58.12,0
62.96,0.414,84.18,1563.6,61.58,0
79.28,0.814,112.62,1441.5,62.92,1
83.48,0.757,121.88,1464.0,66.42,1
71.55,0.606,79.64,1639.0,52.46,0
77.38,0.562,100.47,1448.1,57.22,0
74.29,0.568,97.51,1432.3,62.14,0
69.2,0.363,83.27,1536.7,63.85,0
69.9,0.621,104.04,1396.1,70.97,0
64.99,0.526,107.16,1488.2,64.78,0
69.91,0.463,102.27,1607.3,59.72,0
68.56,0.514,96.76,1422.8,55.55,0
71.61,0.322,105.91,1400.9,57.18,0
65.86,0.541,106.8,1425.0,57.04,0
72.6,0.397,103.07,1544.9,63.28,0
77.66,0.365,91.75,1556.2,61.28,0
69.46,0.348,102.77,1474.4,53.38,0
72.01,0.611,111.95,1534.2,57.82,0
104.67,1.92,132.38,1966.3,64.39,2
67.99,0.653,120.98,1589.4,61.76,0
71.12,0.446,94.74,1487.7,62.84,0
70.06,0.329,100.32,1384.9,61.91,0
88.12,0.875,115.7,1459.0,68.13,1
66.13,0.624,102.23,1478.7,61.18,0
70.12,0.484,82.58,1487.1,58.07,0
72.49,0.445,94.54,1490.6,55.42,0
77.26,0.516,89.08,1555.9,61.25,0
74.8,0.55,101.35,1563.7,47.8,0
99.77,1.098,133.94,1491.4,59.08,1
78.8,1.122,126.59,1554.9,58.97,1
110.67,1.902,129.25,1879.1,53.18,2
81.89,0.723,136.61,1503.2,55.36,1
80.95,0.459,102.95,1545.3,64.05,0
78.13,0.957,108.61,1503.6,61.15,1
104.94,1.63,131.84,1832.3,60.51,2
67.0,0.404,101.76,1428.1,61.53,0
86.26,1.468,131.79,1780.0,60.46,2
81.25,0.757,125.77,1493.7,66.21,1
66.2,0.503,93.93,1522.0,60.62,0
105.39,1.115,145.57,1864.6,52.71,2
71.71,0.477,93.14,1498.8,68.15,0
79.38,0.408,85.67,1428.9,61.85,0
74.75,0.589,101.46,1542.1,57.05,0
95.71,1.742,139.31,1948.7,53.73,2
65.51,0.315,105.15,1402.9,61.98,0
72.46,0.407,108.2,1499.8,59.41,0
78.75,0.654,131.4,1420.5,67.87,1
79.16,0.435,94.67,1466.8,58.27,0
107.36,1.89,164.21,1839.9,55.81,2
67.65,0.355,86.42,1540.5,64.48,0
81.09,0.653,115.76,1505.8,64.63,1
76.77,0.4,90.36,1435.7,60.84,0
69.43,0.521,110.8,1544.0,63.38,0
76.19,0.507,109.43,1428.3,59.81,0
62.03,0.428,104.87,1516.5,61.17,0
67.0,0.518,110.72,1459.3,65.82,0
70.03,0.445,91.21,1481.7,63.13,0
70.23,0.473,103.49,1525.2,59.15,0
67.75,0.667,98.75,1526.1,66.76,0
91.38,1.085,136.54,1566.8,48.18,1
82.37,0.766,123.2,1495.9,70.26,1
69.29,0.583,96.15,1515.3,51.47,0
70.6,0.581,105.41,1478.1,56.86,0
72.57,0.385,108.76,1509.1,59.8,0
88.96,0.984,112.63,1522.0,59.27,1
64.38,0.654,99.39,1495.1,65.03,0
101.92,1.752,132.22,1692.1,54.71,2
76.39,0.408,75.02,1516.6,61.3,0
88.7,0.89,119.53,1518.2,57.11,1
66.26,0.527,106.09,1466.0,61.48,0
77.76,0.555,102.62,1435.8,59.68,0
70.58,0.534,80.5,1573.8,60.46,0
75.9,0.539,96.49,1524.6,57.25,0
70.34,0.367,77.82,1488.5,57.45,0
80.3,0.605,113.7,1443.1,61.44,0
95.6,0.873,105.34,1458.9,64.72,1
68.76,0.477,112.55,1565.1,57.01,0
74.86,0.496,109.46,1506.9,55.66,0
73.23,0.347,90.99,1472.5,63.07,0
76.84,0.551,88.67,1525.5,59.84,0
65.18,0.557,103.5,1459.3,64.15,0
73.43,0.494,91.56,1575.0,55.47,0
89.15,0.9,124.45,1567.6,51.1,1
61.21,0.467,95.17,1476.7,57.33,0
89.86,1.467,113.06,1862.3,56.17,2
59.8,0.398,77.7,1369.1,59.61,0
105.35,1.624,138.35,1848.2,56.82,2
73.59,0.483,94.38,1433.0,63.71,0
116.28,1.747,135.82,1894.2,58.56,2
83.07,0.799,131.27,1483.7,60.75,1
78.14,0.487,111.73,1432.7,60.79,0
80.11,0.844,120.34,1485.9,60.97,1
61.48,0.456,96.59,1525.3,59.88,0
69.72,0.339,105.0,1526.4,62.55,0
71.92,0.675,86.43,1405.0,56.02,0
69.84,0.638,102.23,1493.6,67.0,0
59.66,0.371,105.52,1430.8,58.82,0
69.55,0.569,106.8,1545.1,53.44,0
63.48,0.45,80.63,1539.2,60.94,0
73.35,0.526,92.39,1455.1,55.74,0
71.83,0.529,91.22,1461.7,63.33,0
65.3,0.477,101.0,1476.9,71.05,0
67.43,0.422,104.81,1387.4,56.07,0
64.7,0.431,114.97,1516.8,61.66,0
69.69,0.408,95.05,1486.4,51.22,0
74.78,0.417,95.02,1548.5,62.27,0
83.96,0.736,129.41,1445.1,55.57,1
72.52,0.428,102.97,1469.0,56.88,0
67.35,0.568,112.68,1424.7,54.49,0
66.04,0.649,102.89,1449.8,63.66,0
69.46,0.442,88.43,1440.9,65.04,0
83.42,0.897,103.23,1549.8,60.12,1
67.23,0.55,84.48,1465.1,55.68,0
64.01,0.547,106.62,1506.2,67.95,0
95.41,0.726,134.22,1481.0,56.25,1
70.18,0.574,118.49,1436.5,49.19,0
66.5,0.548,108.43,1491.6,62.29,0
71.07,0.376,111.63,1530.0,54.48,0
69.44,0.587,94.2,1439.6,64.94,0
68.9,0.589,88.44,1540.5,58.09,0
98.2,1.356,153.82,1668.9,63.02,2
73.79,0.504,104.18,1475.9,67.01,0
67.35,0.568,101.07,1526.5,53.96,0
89.65,1.162,152.38,1908.9,57.17,2
94.34,1.848,137.51,1991.1,59.62,2
58.49,0.736,112.84,1484.3,67.69,0
99.58,1.553,169.9,1772.2,56.71,2
87.23,0.749,130.16,1381.0,57.03,1
78.22,0.53,108.46,1408.5,62.39,0
85.82,1.064,121.54,1530.8,57.11,1
72.88,0.477,95.39,1551.9,60.76,0
71.56,0.645,107.57,1454.5,52.24,0
85.39,0.366,86.06,1487.8,71.07,0
75.6,0.569,110.54,1514.7,53.26,0
108.91,1.533,118.57,1968.5,58.39,2
76.8,0.921,130.98,1398.6,59.84,1
61.97,0.699,91.55,1455.7,69.56,0
100.7,0.996,145.09,1870.8,53.38,2
66.22,0.445,99.66,1535.2,69.92,0
75.34,0.85,111.53,1624.9,63.79,1
90.33,1.665,141.39,1924.7,62.09,2
64.59,0.495,94.22,1429.7,55.08,0
78.44,0.503,108.81,1520.1,62.86,0
93.57,0.559,127.83,1566.0,56.38,1
69.96,0.499,103.95,1505.4,66.33,0
77.4,0.431,90.42,1454.7,55.14,0
70.39,0.451,94.11,1547.9,59.43,0
65.69,0.644,95.41,1533.2,57.22,0
90.95,0.817,135.17,1448.7,55.06,1
72.69,0.581,116.77,1519.1,63.71,0
64.81,0.472,91.95,1549.9,62.68,0
69.05,0.472,110.77,1559.1,66.05,0
90.78,1.117,127.66,1753.1,51.1,2
63.09,0.534,88.06,1482.1,65.32,0
74.63,0.557,90.41,1561.4,72.53,0
79.55,0.597,86.47,1439.5,57.74,0
63.01,0.467,84.16,1521.9,69.48,0
72.81,0.439,104.13,1431.5,58.68,0
66.75,0.391,97.86,1553.3,53.14,0
67.56,0.417,103.79,1487.1,58.47,0
67.04,0.795,106.9,1563.4,65.24,0
65.68,0.624,102.66,1524.6,55.81,0
85.24,0.624,124.35,1438.8,57.0,1
65.85,0.368,99.3,1571.2,62.97,0
71.35,0.548,88.13,1577.6,60.02,0
69.75,0.555,110.58,1544.1,62.92,0
107.76,1.304,132.15,1856.1,61.19,2
65.46,0.475,90.64,1484.7,62.4,0
78.88,0.959,121.27,1507.3,57.84,1
73.78,0.533,90.87,1464.8,61.16,0
72.5,0.509,95.83,1584.6,55.36,0
65.11,0.278,103.44,1507.2,66.44,0
70.5,0.477,103.48,1364.8,56.83,0
73.76,0.415,91.02,1517.0,65.64,0
61.65,0.518,95.12,1482.6,58.83,0
72.72,0.799,110.74,1496.3,61.01,0
91.01,1.372,147.96,1975.0,57.53,2
85.54,0.909,136.75,1540.4,54.92,1
66.18,0.592,111.8,1556.0,51.28,0
76.91,0.914,140.62,1514.2,54.72,1
61.86,0.542,86.12,1483.0,58.38,0
89.77,0.917,123.81,1497.9,61.06,1
71.3,0.706,99.47,1501.0,65.05,0
104.94,1.309,147.13,1945.5,57.77,2
73.19,0.547,101.68,1528.9,55.59,0
61.69,0.407,109.45,1523.0,52.79,0
69.67,0.556,105.01,1577.0,62.4,0
80.33,0.75,109.25,1562.8,66.92,1
66.74,0.458,107.42,1465.7,66.33,0
70.24,0.47,93.62,1541.0,63.55,0
65.7,0.598,102.17,1452.5,63.19,0
68.08,0.592,96.97,1534.8,68.49,0
75.03,0.375,97.81,1474.2,61.66,0
67.12,0.505,107.66,1448.8,63.23,0
74.18,0.429,89.6,1514.0,58.4,0
64.35,0.374,119.45,1366.3,53.19,0
101.56,1.337,139.46,1887.9,56.58,2
77.21,0.469,94.02,1491.1,59.95,0
57.64,0.743,103.7,1504.1,60.3,0
86.81,1.536,139.76,1962.5,69.63,2
72.89,0.362,99.0,1421.0,60.41,0
68.98,0.444,99.43,1459.1,65.89,0
71.86,0.602,104.11,1519.6,57.82,0
82.89,1.06,117.2,1529.1,58.44,1
70.43,0.341,113.93,1499.2,53.35,0
69.22,0.312,108.39,1557.8,56.29,0
95.36,1.021,134.36,1519.9,62.63,1
71.27,0.539,90.34,1462.6,60.04,0
71.69,0.413,99.21,1486.0,64.71,0
67.94,0.553,97.0,1429.9,60.91,0
67.56,0.236,89.94,1494.6,58.24,0
67.84,0.5,103.6,1555.6,70.74,0
71.97,0.533,94.62,1534.3,59.53,0
67.9,0.592,106.55,1570.1,65.82,0
81.58,0.675,118.74,1484.9,57.99,1
80.38,0.509,117.19,1567.3,63.55,0
74.36,0.407,91.04,1490.3,64.64,0
68.37,0.526,102.19,1573.6,61.04,0
108.58,1.86,154.73,1711.5,48.23,2
92.62,1.88,136.99,2002.3,60.09,2
59.81,0.4,108.52,1573.8,66.15,0
64.96,0.565,87.71,1490.3,62.64,0
60.65,0.586,114.52,1510.9,62.23,0
68.24,0.477,100.14,1564.4,51.39,0
70.09,0.504,94.04,1493.3,56.4,0
78.38,0.355,97.01,1434.0,62.06,0
71.63,0.47,108.09,1607.2,62.05,0
68.9,0.495,94.16,1476.5,66.07,0
90.8,1.244,119.28,1507.9,59.28,1
58.94,0.389,97.78,1557.8,62.03,0
71.18,0.646,88.23,1469.6,60.08,0
73.85,0.6,118.21,1449.6,55.07,0
62.61,0.528,94.34,1512.7,48.72,0
75.72,0.676,108.32,1410.3,62.16,0
71.69,0.537,102.09,1485.6,60.87,0
67.92,0.539,90.15,1512.3,56.91,0
73.16,0.495,99.94,1486.5,51.9,0
81.35,0.622,107.84,1422.8,63.15,0
70.91,0.61,98.12,1579.7,58.67,0
71.24,0.437,111.93,1505.2,62.78,0
67.7,0.368,110.22,1571.6,69.32,0
65.75,0.48,109.19,1487.0,49.29,0
74.15,0.42,95.4,1456.0,56.5,0
65.72,0.494,89.2,1513.5,58.95,0
70.36,0.624,93.86,1489.2,67.27,0
67.61,0.454,101.96,1441.1,51.82,0
72.39,0.496,105.46,1573.5,69.68,0
71.67,0.506,78.28,1468.9,60.68,0
75.19,0.585,99.92,1408.0,59.52,0
94.75,0.982,150.79,1881.8,59.01,2
68.65,0.439,97.22,1474.8,57.82,0
65.11,0.521,112.91,1469.6,65.24,0
67.78,0.62,104.22,1411.7,54.66,0
71.89,0.451,113.1,1587.0,61.73,0
88.12,0.694,120.7,1435.5,58.08,1
65.39,0.562,109.37,1502.9,56.19,0
112.16,1.44,174.87,1960.0,72.93,2
76.78,0.381,113.12,1521.1,62.1,0
72.07,0.438,89.08,1497.0,63.07,0
79.38,0.482,97.46,1414.9,65.69,0
66.13,0.44,96.55,1459.5,52.89,0
77.52,0.637,131.43,1509.4,68.76,1
61.11,0.59,106.86,1460.6,47.46,0
77.48,0.627,91.61,1510.2,56.16,0
73.27,0.565,100.68,1534.1,57.7,0
69.72,0.386,79.8,1548.1,62.91,0
84.59,0.681,140.05,1438.7,61.09,1
64.37,0.499,94.88,1609.8,59.17,0
82.23,0.56,100.56,1538.4,59.94,0
70.65,0.567,96.9,1499.9,55.11,0
91.75,1.647,161.85,2025.1,52.51,2
73.63,0.508,71.62,1618.3,63.63,0
72.41,0.546,99.83,1428.1,63.47,0
105.16,1.679,157.38,1773.9,67.92,2
66.05,0.57,95.46,1381.1,56.05,0
72.36,0.579,117.26,1509.6,63.46,0
79.41,0.508,91.13,1518.3,58.58,0
76.73,0.641,107.72,1498.0,65.95,0
102.45,1.849,147.75,1944.8,65.11,2
67.44,0.414,112.62,1397.5,61.06,0
65.05,0.64,93.33,1518.7,58.3,0
69.37,0.57,92.67,1572.8,64.8,0
70.28,0.456,110.96,1470.4,63.23,0
75.47,0.452,104.25,1522.0,56.58,0
61.54,0.53,84.55,1421.6,53.36,0
77.65,0.546,94.61,1522.9,58.56,0
69.21,0.52,103.86,1480.3,67.58,0
67.87,0.531,108.38,1461.9,65.73,0
64.94,0.67,93.21,1462.0,54.44,0
61.73,0.607,70.86,1480.3,54.16,0
74.12,0.519,105.23,1519.1,66.37,0
102.34,1.103,119.49,1779.1,54.32,2
63.55,0.397,79.83,1480.1,62.55,0
63.52,0.54,71.68,1497.9,56.92,0
68.32,0.681,108.14,1445.0,68.09,0
78.35,0.478,101.29,1589.8,56.15,0
68.7,0.415,97.74,1457.3,65.72,0
62.48,0.435,113.89,1466.5,60.92,0
68.77,0.391,106.37,1451.1,61.26,0
68.64,0.422,116.16,1589.9,50.15,0
56.52,0.463,86.07,1527.6,48.99,0
69.73,0.359,99.65,1453.2,58.9,0
78.85,0.771,103.08,1555.3,61.23,1
87.77,1.039,125.63,1510.0,54.37,1
79.24,0.409,97.51,1512.9,54.56,0
75.63,0.652,106.27,1482.8,62.81,0
82.76,0.838,118.65,1462.5,62.81,1
64.47,0.603,106.23,1516.9,59.31,0
96.93,0.777,136.25,1472.7,63.9,1
81.39,0.923,144.32,1590.8,54.13,1
70.07,0.391,96.85,1436.5,58.22,0
69.88,0.589,90.59,1576.8,68.24,0
70.99,0.517,102.46,1494.4,60.34,0
83.27,0.776,115.25,1515.0,60.63,1
80.24,0.767,133.91,1541.7,71.53,1
67.27,0.41,97.17,1468.5,53.0,0
69.84,0.56,94.34,1543.2,63.98,0
67.28,0.405,95.29,1364.6,68.32,0
66.44,0.546,107.18,1464.0,58.38,0
70.53,0.363,98.42,1453.8,64.3,0
79.43,1.083,114.29,1437.3,55.09,1
77.52,0.377,116.65,1489.3,56.57,0
82.8,1.734,131.11,2009.2,61.92,2
75.46,0.563,100.36,1535.1,63.99,0
76.23,0.43,106.52,1512.0,65.6,0
59.63,0.558,83.69,1466.7,67.85,0
68.29,0.526,104.8,1518.5,59.66,0
68.14,0.446,89.45,1506.2,65.97,0
62.96,0.399,108.23,1546.8,58.29,0
66.11,0.304,90.37,1538.8,64.51,0
104.03,1.586,140.28,1889.2,61.04,2
78.76,0.344,111.06,1455.1,62.23,0
84.8,0.808,124.75,1467.4,62.12,1
76.36,0.474,102.51,1472.5,51.98,0
73.61,0.568,97.69,1484.2,54.38,0
64.35,0.47,94.24,1513.4,60.51,0
67.38,0.467,114.71,1535.8,51.56,0
72.45,0.573,93.01,1497.4,64.16,0
63.89,0.534,89.63,1500.8,64.36,0
73.56,0.532,106.65,1507.2,61.64,0
68.8,0.547,92.04,1474.2,54.39,0
68.13,0.346,90.5,1453.7,66.9,0
93.38,0.881,114.03,1412.2,70.19,1
72.22,0.561,95.17,1465.2,60.74,0
107.6,1.038,130.62,1815.9,62.55,2
91.38,0.784,121.69,1464.9,61.01,1
64.59,0.496,109.51,1488.1,62.65,0
73.08,0.487,105.27,1523.3,59.4,0
95.54,1.842,145.87,1862.4,59.83,2
68.45,0.643,98.02,1446.0,64.53,0
84.9,0.985,130.02,1549.9,71.73,1
63.74,0.369,112.73,1556.4,53.0,0
74.62,0.562,101.26,1443.5,59.48,0
95.73,1.306,130.92,1952.2,54.1,2
67.39,0.539,90.07,1559.6,67.96,0
75.25,0.609,85.55,1492.7,57.06,0
66.48,0.701,106.66,1389.0,52.78,0
62.96,0.602,105.78,1430.0,63.19,0
62.22,0.525,105.77,1487.5,68.72,0
73.03,0.605,98.71,1441.8,63.32,0
63.6,0.514,114.07,1479.3,61.02,0
78.77,0.502,95.16,1501.6,62.05,0
59.59,0.465,109.55,1573.1,67.07,0
115.25,1.444,149.99,1930.4,55.63,2
88.04,0.655,115.07,1553.6,59.44,1
82.69,0.951,128.88,1571.4,57.74,1
67.28,0.55,104.1,1571.7,54.16,0
72.0,0.36,103.57,1514.2,58.36,0
69.81,0.537,100.81,1401.8,65.54,0
75.52,0.29,99.62,1523.0,62.83,0
70.57,0.563,123.88,1552.4,63.22,0
82.38,0.891,128.17,1495.9,60.73,1
86.22,0.781,126.48,1587.2,62.62,1
69.72,0.512,101.12,1543.0,56.0,0
71.54,0.695,110.07,1528.4,58.45,0
73.15,0.904,122.3,1554.3,60.96,1
81.51,0.823,125.73,1516.7,61.39,1
73.72,0.648,96.96,1375.4,61.6,0
70.85,0.696,99.19,1475.0,59.31,0
69.08,0.5,68.3,1559.9,58.11,0
88.81,0.92,120.47,1459.6,75.79,1
71.74,0.634,95.12,1488.8,64.53,0
85.8,0.646,137.49,1447.8,62.07,1
66.11,0.451,100.19,1589.2,58.83,0
70.98,0.623,88.11,1584.1,57.74,0
65.11,0.669,99.5,1455.8,59.35,0
72.04,0.556,89.54,1507.4,61.46,0
61.49,0.412,104.73,1466.0,50.6,0
75.15,0.699,102.91,1530.7,52.15,0
72.36,0.447,109.58,1525.5,56.82,0
89.89,0.807,107.57,1540.6,61.04,1
74.91,0.534,100.34,1516.6,58.8,0
78.33,0.655,86.35,1646.8,67.39,0
75.07,0.585,107.01,1448.6,52.59,0
60.8,0.541,105.19,1414.5,56.24,0
63.6,0.546,104.96,1480.3,67.6,0
66.88,0.504,100.02,1421.6,60.66,0
70.13,0.556,104.15,1425.4,64.42,0
72.59,0.247,116.04,1449.9,70.26,0
66.37,0.47,97.15,1453.9,56.53,0
70.93,0.524,101.39,1452.3,59.5,0
66.22,0.385,89.14,1525.9,58.64,0
66.94,0.539,91.32,1474.7,50.23,0
62.97,0.48,100.98,1491.0,58.45,0
65.38,0.676,111.04,1544.7,64.41,0
63.24,0.657,97.44,1461.7,62.7,0
65.12,0.453,97.64,1486.8,63.1,0
75.27,0.485,95.93,1518.3,58.12,0
83.96,0.834,118.42,1402.9,56.72,1
83.16,0.455,102.95,1380.8,66.35,0
72.47,0.52,85.03,1517.3,57.51,0
70.92,0.424,112.81,1524.6,61.47,0
65.71,0.387,93.35,1603.2,60.82,0
73.5,0.562,107.22,1507.9,67.31,0
67.12,0.563,87.3,1541.0,64.86,0
70.61,0.42,106.69,1490.2,53.52,0
100.45,0.912,132.93,1514.9,54.06,1
69.52,0.437,103.84,1583.4,62.89,0
94.21,0.877,107.75,1393.8,59.68,1
66.48,0.582,102.5,1520.7,57.72,0
69.83,0.497,88.17,1606.8,65.08,0
106.97,1.088,150.02,1766.0,60.94,2
79.07,0.886,138.5,1582.5,60.26,1
79.06,0.48,107.97,1468.5,63.9,0
73.54,0.479,100.15,1498.4,58.12,0
67.19,0.425,90.25,1501.7,67.84,0
87.61,0.944,122.85,1389.1,56.06,1
74.86,0.345,100.19,1441.6,63.28,0
73.11,0.451,76.8,1445.2,67.17,0
62.15,0.472,107.83,1541.1,53.11,0
66.36,0.474,99.76,1543.6,58.28,0
68.76,0.476,112.02,1516.2,65.71,0
69.63,0.494,89.05,1541.2,65.79,0
73.1,0.548,68.23,1491.8,59.14,0
70.89,0.587,102.79,1560.1,56.33,0
63.32,0.435,102.92,1500.4,64.78,0
71.9,0.38,83.09,1502.9,65.92,0
73.05,0.396,90.22,1486.7,54.18,0
104.31,1.29,163.32,1869.5,53.98,2
75.4,0.465,96.94,1478.9,61.13,0
74.17,0.423,107.31,1548.8,63.15,0
94.52,1.234,132.56,1760.6,58.5,2
69.65,0.454,79.1,1445.1,63.4,0
77.07,0.958,122.46,1534.4,56.45,1
72.15,0.56,97.34,1495.6,49.43,0
71.04,0.444,96.0,1477.3,57.88,0
71.36,0.459,98.85,1544.5,60.32,0
82.44,0.672,121.59,1469.6,58.62,1
64.59,0.497,98.5,1490.0,54.21,0
85.41,0.638,115.75,1570.0,50.92,1
69.8,0.557,104.86,1577.0,57.43,0
88.95,0.566,102.68,1578.6,64.49,1
70.14,0.464,79.5,1485.9,66.28,0
70.15,0.53,107.39,1561.5,65.94,0
74.69,0.518,105.07,1452.6,55.92,0
67.42,0.769,99.43,1454.7,54.23,0
70.48,0.535,86.05,1382.5,62.48,0
67.69,0.4,92.92,1583.6,63.18,0
90.65,1.368,127.75,1776.3,62.0,2
68.45,0.322,84.04,1493.7,49.93,0
71.11,0.492,92.61,1454.5,55.67,0
92.34,1.124,145.3,1904.8,59.85,2
76.28,0.592,114.27,1481.2,62.44,0
65.53,0.445,95.81,1434.8,63.84,0
69.07,0.488,107.56,1522.1,60.72,0
94.8,1.565,120.32,1751.4,61.65,2
77.23,0.674,106.59,1458.1,60.42,0
70.98,0.468,91.96,1394.7,63.43,0
75.16,0.683,103.07,1428.8,61.56,0
62.57,0.581,97.52,1508.9,60.33,0
71.34,0.548,113.2,1401.8,58.66,0
74.45,0.537,91.26,1425.9,60.41,0
88.62,0.996,132.59,1499.9,62.42,1
75.33,0.307,97.2,1472.8,61.34,0
67.41,0.472,98.42,1599.6,61.9,0
77.05,0.585,98.16,1591.7,66.71,0
81.49,0.495,91.54,1456.6,61.33,0
68.19,0.359,99.86,1527.9,56.76,0
67.77,0.495,99.37,1537.5,64.42,0
77.27,0.67,102.41,1470.1,53.17,0
77.9,0.625,100.85,1425.2,54.59,0
67.39,0.494,107.98,1499.4,61.68,0
67.9,0.595,109.24,1491.4,62.58,0
68.59,0.463,89.49,1478.2,53.77,0
63.28,0.33,108.69,1522.1,58.09,0
65.41,0.408,88.14,1462.5,56.97,0
64.98,0.656,105.88,1442.4,57.57,0
66.16,0.473,106.2,1505.5,64.72,0
69.83,0.476,80.89,1519.3,63.53,0
71.17,0.47,100.93,1441.2,59.9,0
77.75,0.69,95.32,1546.4,57.27,0
77.07,1.016,115.32,1411.5,53.25,1
87.21,1.096,140.33,1471.1,67.1,1
68.93,0.484,93.46,1487.1,62.96,0
89.37,0.848,118.05,1468.2,56.47,1
73.37,0.348,100.76,1471.7,63.6,0
64.39,0.648,106.86,1593.6,59.65,0
88.54,0.795,122.87,1457.5,58.56,1
85.89,1.0,136.11,1622.1,62.18,1
72.46,0.39,105.31,1521.9,56.29,0
71.45,0.441,78.22,1504.6,58.28,0
82.28,0.416,94.71,1523.8,60.61,0
66.81,0.439,94.38,1626.5,57.5,0
67.35,0.446,104.79,1450.3,63.35,0
66.88,0.445,73.75,1444.0,69.35,0
83.23,0.908,146.12,1462.3,56.23,1
101.3,1.427,162.66,1793.4,51.67,2
75.95,0.522,101.49,1413.7,49.99,0
95.67,0.949,127.19,1501.1,59.25,1
67.15,0.449,123.44,1584.7,56.68,0
65.84,0.428,108.71,1507.6,61.04,0
102.78,1.64,152.7,1717.4,60.66,2
67.24,0.618,101.31,1469.1,51.98,0
73.16,0.519,98.58,1544.9,50.93,0
71.01,0.447,95.24,1458.7,61.48,0
62.42,0.548,91.74,1592.3,60.68,0
77.74,0.39,93.13,1596.7,57.87,0
101.06,1.16,136.18,1974.6,51.71,2
66.94,0.541,99.24,1499.4,62.36,0
68.06,0.469,83.15,1551.5,66.36,0
71.43,0.416,101.91,1554.7,61.39,0
71.67,0.411,99.64,1459.7,55.76,0
73.29,0.553,101.47,1473.7,60.22,0
80.05,0.623,94.78,1433.9,53.17,0
69.12,0.436,130.77,1520.5,65.29,0
66.01,0.546,113.6,1533.3,60.41,0
76.88,0.677,113.06,1432.5,51.16,1
66.35,0.442,102.33,1477.2,58.5,0
89.73,0.79,115.66,1432.6,62.32,1
78.97,0.409,89.86,1455.1,58.33,0
67.41,0.406,86.6,1527.6,58.62,0
71.12,0.433,104.32,1463.3,53.88,0
80.7,1.006,113.18,1485.0,62.83,1
75.94,0.481,109.68,1418.6,56.76,0
82.63,0.276,109.94,1509.3,49.22,0
67.35,0.288,113.74,1497.8,58.14,0
67.55,0.439,91.48,1463.6,64.91,0
75.22,0.546,104.75,1490.5,58.07,0
73.41,0.225,106.32,1509.0,68.69,0
79.23,0.45,95.26,1459.3,62.14,0
72.92,0.447,92.28,1426.2,61.69,0
68.2,0.639,116.1,1590.3,59.36,0
86.69,0.759,124.95,1468.3,59.66,1
96.43,1.058,162.13,1991.6,58.68,2
74.1,0.514,91.78,1550.5,58.49,0
72.54,0.287,87.81,1676.5,62.65,0
75.33,0.577,94.31,1437.8,55.32,0
75.85,0.522,98.76,1522.5,54.62,0
76.91,0.551,89.36,1464.6,54.38,0
73.24,0.893,99.9,1473.1,70.23,0
69.16,0.292,83.11,1464.0,62.65,0
88.7,1.106,115.72,1443.7,61.52,1
76.03,0.471,106.71,1497.9,54.71,0
65.92,0.529,106.04,1426.3,63.12,0
71.84,0.495,96.08,1547.3,59.42,0
80.34,0.829,107.43,1502.8,61.07,1
70.14,0.443,89.73,1521.1,55.12,0
76.39,0.533,96.27,1476.7,60.8,0
70.96,0.348,106.45,1481.6,57.88,0
70.23,0.575,109.28,1514.4,56.17,0
63.2,0.458,95.03,1441.8,63.67,0
73.73,0.387,88.47,1482.1,52.31,0
92.79,0.735,123.11,1457.0,62.82,1
80.82,0.626,91.76,1455.5,63.42,0
68.46,0.446,94.82,1394.5,55.6,0
71.1,0.536,113.25,1567.0,55.9,0
71.25,0.427,108.27,1465.7,58.88,0
107.81,1.647,159.52,1972.5,61.41,2
69.52,0.569,87.28,1553.4,59.24,0
71.4,0.685,102.11,1435.7,62.17,0
73.04,0.482,110.63,1445.6,68.81,0
70.93,0.567,96.24,1628.0,57.46,0
105.43,1.401,150.87,1956.9,51.42,2
84.67,1.088,137.3,1498.4,64.13,1
75.37,0.428,116.64,1512.9,68.42,0
64.87,0.575,103.05,1468.5,61.96,0
70.66,0.481,105.87,1521.6,54.56,0
66.5,0.494,114.14,1464.1,59.38,0
75.98,0.509,104.47,1398.4,54.41,0
87.71,1.147,130.43,1819.4,63.21,2
95.29,1.067,154.44,1740.4,53.24,2
71.89,0.521,102.39,1443.4,58.5,0
77.83,0.658,87.09,1496.6,54.98,0
69.67,0.599,98.57,1446.3,60.63,0
80.25,1.024,131.5,1460.9,58.17,1
92.55,0.712,94.61,1542.7,60.88,1
62.76,0.411,115.34,1512.4,60.11,0
59.01,0.596,111.22,1499.5,55.07,0
72.2,0.588,95.4,1543.9,63.13,0
67.49,0.647,105.43,1524.0,59.76,0
64.89,0.44,100.03,1572.3,55.06,0
73.54,0.477,112.3,1477.0,71.2,0
71.22,0.336,109.83,1478.5,62.38,0
67.18,0.461,86.0,1434.9,59.23,0
63.6,0.6,105.87,1478.6,67.08,0
74.36,0.453,97.94,1548.2,69.21,0
109.36,1.756,151.57,2029.1,59.27,2
69.5,0.481,92.72,1548.0,61.74,0
79.23,0.532,117.48,1410.3,55.06,0
64.65,0.385,110.4,1554.2,59.26,0
62.37,0.509,92.6,1408.1,59.0,0
66.54,0.201,86.65,1544.9,60.92,0
69.77,0.481,96.14,1481.6,61.66,0
83.01,0.677,128.19,1535.1,62.8,1
86.29,1.045,120.75,1433.4,61.19,1
71.76,0.578,112.53,1558.6,53.95,0
90.04,1.394,155.14,1707.4,55.31,2
77.22,0.652,109.7,1466.6,57.27,0
80.19,0.678,131.82,1450.1,58.59,1
75.59,0.675,86.11,1412.3,65.25,0
71.71,0.593,98.04,1504.7,54.19,0
86.42,0.723,138.9,1590.3,58.21,1
72.85,0.614,99.48,1633.3,64.77,0
85.34,0.718,129.65,1504.9,58.5,1
73.21,0.418,96.81,1555.8,62.3,0
76.65,0.439,89.7,1511.6,59.3,0
70.98,0.447,98.77,1524.9,61.28,0
73.55,0.394,103.09,1482.9,58.86,0
69.55,0.622,93.44,1509.8,63.34,0
77.2,0.474,97.64,1526.9,52.27,0
66.62,0.535,90.61,1471.1,58.18,0
79.0,0.443,111.19,1496.1,61.48,0
69.8,0.318,97.06,1497.1,62.67,0
62.85,0.527,114.53,1541.3,67.46,0
70.64,0.309,115.29,1446.7,58.04,0
91.6,1.731,158.79,1977.2,67.4,2
74.2,0.363,89.92,1595.6,56.7,0
66.74,0.699,79.14,1558.2,66.64,0
83.16,1.016,105.81,1567.5,64.09,1
60.55,0.511,86.26,1501.2,55.43,0
67.74,0.626,113.78,1516.0,61.54,0
57.88,0.415,101.16,1550.1,59.74,0
73.31,0.799,121.34,1578.0,63.13,1
73.8,0.52,77.8,1402.4,58.88,0
73.93,0.526,88.02,1434.2,58.46,0
72.13,0.627,108.87,1565.5,66.85,0
65.17,0.573,102.87,1486.2,59.51,0
69.76,0.529,98.53,1466.4,64.13,0
107.27,1.605,137.14,1700.0,58.87,2
64.21,0.404,116.36,1472.2,68.33,0
77.52,0.488,97.79,1429.9,56.61,0
74.39,0.509,100.69,1604.6,56.93,0
68.9,0.387,101.93,1498.9,67.62,0
70.13,0.741,123.92,1497.1,57.78,0
89.5,0.976,107.55,1529.4,68.01,1
97.74,2.005,147.25,1867.6,64.46,2
100.26,1.362,150.37,1761.9,59.23,2
80.18,0.865,127.4,1553.7,50.93,1
81.58,0.605,123.13,1468.5,59.9,1
68.59,0.508,99.51,1485.1,60.51,0
78.99,0.526,107.11,1538.5,65.84,0
102.42,0.886,187.41,1794.4,67.94,2
67.14,0.533,108.08,1499.7,56.58,0
85.86,0.805,109.6,1519.9,64.01,1
77.0,0.309,95.76,1539.3,63.83,0
74.62,0.414,95.47,1411.1,65.37,0
70.3,0.459,82.04,1535.7,62.49,0
66.77,0.689,96.7,1488.3,50.29,0
73.49,0.556,107.33,1535.4,59.22,0
71.97,0.366,87.26,1538.8,54.22,0
74.48,0.549,110.48,1580.4,58.99,0
73.18,0.345,104.88,1567.7,64.9,0
75.25,0.608,92.66,1567.3,61.53,0
67.32,0.453,98.58,1572.2,65.74,0
105.43,1.222,172.42,1835.9,61.71,2
89.89,0.983,133.05,1501.6,53.51,1
80.38,0.371,100.09,1543.6,47.4,0
85.81,0.62,123.39,1536.6,60.74,1
90.33,0.647,124.7,1484.5,58.93,1
70.99,0.604,94.88,1520.2,55.12,0
66.74,0.348,78.95,1498.2,51.5,0
67.58,0.217,120.42,1457.3,56.33,0
68.4,0.455,101.55,1564.5,59.03,0
72.12,0.555,103.98,1502.8,63.33,0
72.61,0.62,99.42,1602.4,60.94,0
67.13,0.454,92.65,1418.7,68.04,0
69.88,0.459,98.14,1472.2,54.82,0
80.71,0.615,84.01,1501.6,64.41,0
78.64,0.313,122.77,1556.9,60.24,0
72.18,0.461,87.65,1520.0,63.47,0
70.19,0.519,89.68,1515.5,57.82,0
70.6,0.545,95.6,1443.6,65.36,0
73.07,0.449,112.88,1442.2,61.48,0
64.89,0.503,100.15,1516.1,56.6,0
68.71,0.251,87.64,1431.8,59.94,0
61.66,0.434,112.54,1473.4,58.8,0
72.0,0.545,107.31,1525.0,62.45,0
73.24,0.402,105.38,1450.9,54.1,0
67.58,0.506,107.16,1580.3,59.85,0
77.87,0.545,123.94,1561.2,61.98,0
63.87,0.466,121.85,1421.4,60.17,0
82.14,0.874,112.78,1453.4,66.73,1
71.12,0.404,116.24,1385.7,63.87,0
97.6,1.789,152.97,1754.3,59.96,2
78.42,0.561,104.99,1538.3,61.08,0
80.08,0.767,102.86,1479.3,61.48,1
75.39,0.441,98.3,1523.0,62.02,0
69.81,0.522,91.87,1423.9,50.87,0
69.14,0.571,108.28,1539.9,58.49,0
74.42,0.295,110.71,1472.2,52.58,0
73.26,0.616,79.26,1500.6,66.39,0
62.12,0.466,99.78,1495.4,59.7,0
77.38,0.543,111.22,1436.4,59.03,0
76.9,0.62,98.13,1442.3,64.48,0
66.87,0.363,107.29,1548.4,62.11,0
71.98,0.429,103.51,1519.9,54.36,0
72.47,0.471,103.42,1552.5,59.65,0
90.14,0.671,118.12,1516.2,58.32,1
67.25,0.673,87.83,1507.1,51.28,0
66.64,0.414,88.78,1413.7,56.55,0
69.87,0.444,107.09,1486.5,59.08,0
75.86,0.52,100.19,1498.6,59.43,0
72.72,0.38,98.61,1597.7,52.59,0
86.08,0.67,118.22,1534.3,65.76,1
90.95,0.985,113.9,1576.8,59.49,1
55.76,0.467,110.47,1529.9,60.19,0
75.74,0.491,96.65,1464.4,62.0,0
61.3,0.447,86.59,1505.9,56.06,0
68.19,0.349,107.44,1511.8,62.28,0
64.4,0.532,97.95,1453.0,58.16,0
63.53,0.675,100.31,1480.8,55.52,0
75.8,0.502,116.08,1489.7,62.87,0
101.46,1.367,154.79,1925.7,67.46,2
71.73,0.569,102.89,1396.0,63.62,0
69.77,0.373,88.21,1560.3,64.61,0
72.39,0.67,97.8,1453.2,57.4,0
70.38,0.52,106.1,1431.4,52.01,0
63.59,0.663,84.45,1559.0,67.45,0
110.97,1.529,132.7,1799.5,70.27,2
67.53,0.682,101.01,1562.7,67.71,0
62.22,0.578,100.41,1540.0,58.32,0
86.19,0.819,138.23,1603.0,54.23,1
77.5,0.523,103.34,1527.9,54.67,0
74.25,0.475,114.78,1492.2,51.58,0
68.26,0.62,90.06,1517.1,59.46,0
80.17,0.791,129.7,1562.2,68.03,1
68.39,0.303,100.84,1461.0,59.29,0
80.38,0.388,89.31,1467.4,61.51,0
97.7,1.787,168.33,1761.1,66.88,2
72.15,0.531,123.25,1394.8,57.98,0
85.28,0.896,117.78,1506.9,70.18,1
84.41,0.886,121.12,1405.7,69.96,1
68.7,0.305,100.85,1502.7,59.34,0
97.72,1.788,145.41,2019.8,57.11,2
80.87,0.577,109.48,1476.2,63.49,1
69.81,0.576,92.94,1583.9,58.26,0
107.17,1.815,130.86,1721.6,54.22,2
70.26,0.542,117.04,1559.6,66.41,0
73.66,0.414,98.85,1533.8,66.08,0
83.92,0.95,125.79,1414.2,60.78,1
70.39,0.604,108.89,1635.5,53.69,0
72.73,0.825,112.2,1496.8,53.85,1
74.58,0.487,92.33,1456.1,60.54,0
71.73,0.558,100.68,1429.6,57.5,0
86.2,0.768,135.06,1489.0,58.29,1
55.52,0.586,105.02,1493.6,65.11,0
96.53,1.055,130.97,1505.1,63.67,1
69.3,0.607,100.78,1485.1,66.89,0
75.54,0.427,104.0,1531.7,55.05,0
64.8,0.536,102.02,1480.6,58.28,0
73.06,0.371,89.7,1403.3,63.79,0
64.73,0.557,100.46,1492.5,62.24,0
66.88,0.545,89.26,1381.6,67.66,0
107.31,1.421,153.57,1729.2,62.1,2
69.05,0.384,95.19,1451.0,69.24,0
71.09,0.472,125.39,1508.2,62.7,0
90.17,0.675,129.28,1565.7,65.31,1
72.48,0.379,85.96,1452.6,58.38,0
70.75,0.539,98.66,1553.1,60.07,0
71.82,0.525,105.19,1478.3,64.55,0
108.42,1.519,170.89,1954.1,68.06,2
100.39,1.095,134.5,1788.2,63.65,2
71.01,0.605,84.18,1458.0,59.58,0
75.25,0.666,108.17,1534.4,66.89,0
75.53,0.452,86.19,1478.2,49.04,0
105.24,1.784,130.86,1910.6,52.89,2
86.33,0.766,114.98,1476.1,63.41,1
64.28,0.464,99.3,1497.8,60.07,0
111.06,1.103,143.29,1834.7,63.03,2
64.27,0.574,93.16,1403.3,60.32,0
71.51,0.309,97.26,1501.2,62.85,0
66.23,0.632,99.86,1531.2,55.93,0
69.68,0.507,101.5,1509.7,62.85,0
71.64,0.459,100.98,1565.5,64.97,0
86.6,0.761,130.72,1496.3,66.1,1
72.11,0.496,108.44,1490.8,70.07,0
94.4,0.556,123.02,1529.6,61.22,1
72.27,0.649,104.54,1505.0,61.37,0
68.78,0.504,84.18,1480.5,52.38,0
74.82,0.544,100.5,1525.8,57.34,0
75.95,0.595,104.8,1467.4,59.03,0
63.86,0.398,107.29,1469.4,65.25,0
87.39,0.889,120.39,1473.6,56.94,1
73.51,0.473,93.41,1567.7,63.98,0
68.51,0.585,94.26,1338.9,59.99,0
76.88,0.287,105.36,1519.8,59.11,0
88.17,0.745,126.97,1501.7,61.24,1
70.63,0.44,95.93,1416.0,58.04,0
69.13,0.543,109.08,1515.5,57.85,0
70.08,0.547,101.23,1523.8,51.48,0
64.52,0.429,98.76,1529.5,58.76,0
93.06,1.097,140.31,1745.5,57.6,2
77.97,0.489,107.47,1568.3,57.42,0
65.77,0.41,103.26,1463.1,62.08,0
65.04,0.584,122.76,1534.3,63.29,0
78.02,0.781,111.13,1537.1,61.16,1
66.81,0.209,105.18,1456.2,64.98,0
63.38,0.463,94.71,1533.0,62.88,0
78.21,0.396,91.31,1480.7,58.52,0
85.38,0.788,123.65,1396.4,57.69,1
66.56,0.376,101.37,1558.4,61.56,0
81.26,0.511,129.18,1461.2,62.87,0
74.91,0.633,98.16,1457.3,66.99,0
68.38,0.531,88.7,1479.8,65.96,0
57.5,0.439,102.73,1513.6,57.29,0
81.45,0.546,79.25,1497.1,59.49,0
63.05,0.454,99.08,1527.4,63.36,0
61.77,0.431,100.16,1433.0,65.34,0
75.11,0.385,107.95,1462.9,64.69,0
82.2,0.325,109.74,1494.2,59.68,0
76.92,0.461,94.96,1594.9,53.73,0
72.82,0.516,98.49,1494.3,55.01,0
72.97,0.49,92.34,1554.3,61.36,0
89.72,0.831,111.49,1501.9,61.71,1
73.79,0.405,103.1,1475.8,54.51,0
91.07,1.007,114.36,1487.7,60.22,1
98.96,1.432,131.26,1926.2,63.16,2
87.11,0.824,119.09,1530.2,54.24,1
66.23,0.4,105.5,1568.7,65.52,0
68.6,0.425,118.01,1518.0,58.11,0
74.48,0.622,104.45,1559.4,66.29,1
69.51,0.45,81.47,1451.8,57.33,0
65.06,0.598,98.75,1479.3,54.87,0
64.48,0.552,100.16,1463.8,57.71,0
70.9,0.598,102.19,1515.7,59.52,0
76.96,0.552,95.54,1482.1,58.06,0
74.59,0.39,97.99,1536.5,58.92,0
62.15,0.467,103.68,1453.4,61.67,0
65.05,0.422,110.4,1502.2,59.14,0
74.7,0.633,80.45,1534.3,59.67,0
65.09,0.38,96.31,1396.7,51.45,0
68.88,0.589,102.14,1606.1,61.96,0
101.81,2.048,130.1,1789.5,59.55,2
65.16,0.683,117.31,1398.7,68.05,0
70.53,0.459,93.65,1507.9,55.3,0
63.33,0.571,99.59,1501.7,50.96,0
93.4,2.029,152.68,1743.7,63.09,2
71.6,0.438,94.09,1549.6,61.73,0
75.46,0.835,102.97,1537.4,54.96,1
72.2,0.312,95.71,1514.9,52.35,0
84.37,0.966,139.98,1522.5,67.69,1
72.76,0.312,96.63,1494.8,67.07,0
71.12,0.463,91.54,1588.8,47.56,0
88.39,0.859,127.98,1426.0,57.71,1
70.63,0.519,96.69,1507.0,68.32,0
67.85,0.543,94.9,1503.3,57.62,0
70.61,0.522,101.49,1540.7,57.55,0
72.72,0.628,107.71,1457.8,58.59,0
81.58,0.643,151.35,1412.8,54.4,1
99.38,1.778,155.74,1753.7,51.48,2
66.49,0.423,111.6,1514.1,65.26,0
66.69,0.583,94.94,1574.5,50.79,0
62.99,0.59,89.74,1436.5,61.24,0
78.75,0.545,100.62,1557.7,64.43,0
63.78,0.618,101.07,1618.4,52.74,0
90.98,1.528,122.29,1748.8,55.38,2
66.41,0.667,98.25,1435.5,66.07,0
74.47,0.652,103.99,1479.7,62.66,0
68.53,0.574,103.6,1500.7,56.91,0
76.24,0.678,105.04,1528.2,66.01,0
100.8,1.596,153.22,1726.8,66.03,2
71.39,0.448,94.93,1577.8,61.35,0
65.82,0.426,94.86,1444.3,55.5,0
80.73,0.572,88.01,1413.0,57.93,0
64.06,0.395,117.85,1555.3,61.43,0
71.55,0.576,100.13,1386.3,59.06,0
73.17,0.637,97.75,1489.8,64.69,0
72.07,0.57,90.71,1655.9,52.35,0
69.07,0.528,129.36,1499.4,52.53,0
69.35,0.401,89.27,1444.0,60.9,0
105.21,1.606,132.34,1828.7,57.54,2
69.26,0.625,104.16,1497.5,56.86,0
87.97,0.964,123.02,1508.0,51.16,1
81.05,0.496,109.58,1533.1,60.1,0
67.21,0.458,118.08,1448.0,59.74,0
63.15,0.297,105.06,1584.4,63.27,0
108.46,1.151,129.87,1864.5,60.34,2
82.9,0.691,97.43,1536.3,59.34,0
65.98,0.372,103.08,1468.6,65.89,0
78.2,0.519,120.68,1564.3,53.44,0
102.11,1.986,145.72,1929.4,62.68,2
67.23,0.375,112.03,1513.9,51.64,0
86.31,0.938,120.83,1453.3,55.81,1
104.75,1.6,140.7,1665.6,53.94,2
68.1,0.501,98.98,1534.4,63.91,0
68.98,0.787,91.58,1477.8,59.67,0
67.09,0.333,107.51,1457.3,59.93,0
92.33,1.891,154.19,1907.9,54.47,2
78.53,0.735,133.73,1534.9,58.5,1
63.88,0.577,99.87,1468.5,56.18,0
103.65,1.871,149.46,1897.4,61.92,2
78.97,0.644,113.78,1500.8,55.04,1
71.17,0.523,108.19,1404.1,66.65,0
62.22,0.314,104.24,1426.4,51.62,0
100.98,1.864,142.9,1982.8,55.97,2
90.34,0.741,111.11,1463.1,68.39,1
60.03,0.564,95.33,1552.8,57.82,0
84.33,1.047,109.2,1548.3,53.43,1
95.4,0.743,117.97,1536.0,61.1,1
63.95,0.515,88.66,1591.0,57.62,0
78.36,0.412,95.88,1495.8,55.82,0
72.1,0.429,92.61,1532.4,54.52,0
66.47,0.619,83.73,1470.8,73.84,0
69.72,0.644,120.23,1622.6,58.74,0
72.79,0.476,112.53,1599.2,50.37,0
86.28,0.901,110.9,1500.6,67.47,1
72.69,0.41,102.72,1519.3,63.06,0
65.4,0.617,104.17,1568.0,56.17,0
70.85,0.567,111.91,1492.6,55.33,0
62.93,0.694,91.81,1467.2,63.37,0
69.44,0.412,110.92,1543.7,58.77,0
65.48,0.462,94.52,1503.9,50.37,0
66.32,0.523,86.64,1509.1,68.94,0
93.04,0.879,126.61,1458.3,57.83,1
98.27,1.074,147.21,1863.1,67.48,2
73.05,0.413,125.88,1511.8,66.39,0
95.35,1.94,126.16,1790.6,54.99,2
98.83,1.857,142.03,1886.4,65.17,2
76.07,0.408,95.9,1571.8,56.74,0
88.72,1.08,131.5,1464.8,50.67,1
81.6,0.617,85.3,1447.3,57.88,0
71.97,0.513,87.37,1496.6,61.99,0
70.96,0.508,92.24,1495.9,57.69,0
85.61,0.757,127.24,1538.5,58.46,1
70.67,0.414,93.59,1461.3,65.72,0
69.24,0.503,106.59,1568.4,60.53,0
73.54,0.285,110.27,1598.3,55.78,0
74.78,0.588,106.0,1498.0,63.51,0
66.07,0.344,116.19,1562.5,60.99,0
63.34,0.65,104.16,1447.2,47.39,0
72.61,0.749,113.1,1553.8,62.14,1
95.59,1.471,153.68,1783.2,61.96,2
102.13,1.774,135.21,1817.1,60.1,2
59.24,0.471,109.1,1499.2,64.46,0
88.96,0.855,136.25,1352.3,56.64,1
112.97,0.976,154.88,1748.7,61.68,2
69.97,0.628,85.04,1468.7,52.17,0
74.19,0.534,90.82,1451.1,62.04,0
70.41,0.379,113.23,1506.1,69.77,0
69.51,0.392,98.31,1479.1,55.03,0
89.66,1.039,128.96,1458.8,56.2,1
68.55,0.405,107.59,1447.1,56.45,0
71.34,0.385,106.96,1464.2,60.65,0
71.61,0.614,102.79,1556.1,54.68,0
66.66,0.534,97.91,1466.9,62.11,0
74.96,0.406,96.87,1474.3,64.23,0
87.88,0.84,131.94,1477.2,62.67,1
66.22,0.397,105.54,1516.9,51.16,0
108.54,2.035,128.8,2005.7,64.98,2
65.51,0.606,110.82,1347.8,64.69,0
85.81,1.039,122.21,1551.1,64.15,1
69.95,0.536,91.48,1571.8,61.86,0
75.43,0.676,92.41,1447.5,61.1,0
72.37,0.5,90.21,1451.4,65.16,0
69.87,0.382,97.28,1477.5,69.62,0
88.26,1.012,136.74,1462.2,55.23,1
76.95,0.709,91.95,1511.2,65.39,0
72.79,0.399,101.88,1402.7,59.57,0
70.05,0.464,93.43,1444.1,59.35,0
93.65,1.751,152.79,1851.3,52.32,2
80.54,0.876,111.25,1453.6,58.58,1
68.47,0.402,97.79,1562.2,55.01,0
87.15,1.883,155.43,1840.7,57.68,2
89.89,2.063,141.01,1896.9,54.51,2
70.28,0.52,102.23,1531.8,57.76,0
72.65,0.41,88.02,1494.1,57.97,0
69.65,0.345,110.84,1477.2,60.48,0
72.43,0.526,102.1,1512.2,51.93,0
82.19,0.993,122.58,1523.7,52.77,1
60.12,0.548,99.91,1535.4,61.81,0
65.3,0.5,94.82,1558.9,56.01,0
69.28,0.441,102.18,1520.4,65.37,0
63.95,0.391,104.76,1431.2,61.13,0
73.0,0.583,82.53,1476.3,63.03,0
77.65,0.591,94.61,1647.2,67.05,0
76.09,0.345,97.45,1536.2,58.45,0
68.93,0.659,102.56,1618.5,57.13,0
77.45,0.557,111.93,1569.8,64.36,0
84.48,1.061,114.93,1512.1,62.55,1
86.55,0.616,124.58,1515.1,59.06,1
66.93,0.363,94.87,1498.2,66.96,0
68.49,0.485,91.98,1413.1,58.94,0
68.06,0.55,96.53,1500.9,60.16,0
70.85,0.68,107.71,1560.5,60.11,0
70.8,0.571,89.46,1470.0,55.33,0
70.02,0.476,104.28,1520.6,60.39,0
72.18,0.397,82.98,1542.6,66.98,0
75.95,0.623,94.39,1454.5,62.22,0
74.75,0.404,96.71,1477.4,60.16,0
62.58,0.663,116.75,1449.1,59.19,0
57.23,0.472,97.25,1458.9,61.65,0
74.67,0.659,77.99,1435.6,63.75,0
99.75,1.522,114.94,1875.8,63.05,2
68.88,0.486,100.34,1571.0,58.34,0
78.86,0.931,132.74,1454.2,61.62,1
60.99,0.466,103.75,1506.3,62.4,0
108.89,1.083,142.34,1722.2,54.96,2
73.8,0.508,111.62,1558.9,60.84,0
67.12,0.441,94.6,1565.6,49.19,0
86.92,1.577,160.0,1903.7,62.41,2
67.27,0.508,83.68,1515.3,63.3,0
71.96,0.287,90.95,1488.4,63.74,0
62.61,0.546,81.93,1440.4,58.02,0
70.92,0.402,97.25,1597.2,61.55,0
69.92,0.385,99.54,1462.0,67.12,0
100.3,1.259,141.06,1905.0,67.07,2
70.6,0.321,100.62,1553.0,59.85,0
81.04,0.703,117.49,1472.2,60.7,1
75.98,0.429,98.1,1551.9,65.55,0
83.26,1.103,113.08,1538.2,52.5,1
69.86,0.447,113.63,1586.4,58.38,0
99.37,1.698,144.33,1779.5,66.68,2
67.78,0.54,95.11,1435.7,64.88,0
81.61,0.848,136.78,1474.7,61.85,1
69.14,0.492,87.58,1510.4,52.47,0
92.04,0.603,111.46,1502.9,59.75,1
63.14,0.645,89.04,1480.3,57.05,0
61.93,0.681,99.32,1404.5,61.66,0
94.68,0.74,129.73,1523.5,55.95,1
68.95,0.398,107.4,1598.6,54.87,0
66.65,0.472,125.72,1523.2,49.68,0
75.2,0.404,77.51,1530.5,66.11,0
66.97,0.551,106.09,1528.6,58.0,0
79.13,0.427,94.43,1519.9,60.79,0
96.13,1.761,124.75,2018.3,59.99,2
67.56,0.619,93.8,1519.8,54.66,0
80.79,0.521,90.91,1484.4,53.7,0
66.97,0.603,116.85,1460.2,54.97,0
73.71,0.611,108.42,1487.6,56.38,0
71.5,0.444,100.23,1515.7,61.83,0
76.51,0.418,113.51,1484.2,56.02,0
77.81,0.508,84.87,1515.7,68.73,0
70.16,0.586,86.69,1522.0,65.14,0
66.23,0.514,78.22,1541.7,64.04,0
72.3,0.342,93.01,1564.1,59.4,0
86.39,0.754,116.66,1503.9,67.57,1
80.07,0.493,101.03,1434.6,58.91,0
96.68,1.524,153.19,1833.4,59.84,2
68.17,0.697,85.89,1502.2,60.85,0
70.92,0.361,108.03,1408.2,63.51,0
74.89,0.875,132.07,1569.4,63.18,1
65.14,0.649,107.33,1507.1,57.62,0
76.0,0.727,81.07,1519.1,57.34,0
81.76,0.732,125.72,1568.3,63.2,1
64.77,0.549,88.12,1468.5,63.58,0
72.68,0.557,96.03,1528.7,58.03,0
75.93,0.52,105.34,1494.5,52.06,0
73.59,0.49,100.91,1490.8,58.96,0
74.98,0.544,91.48,1461.4,63.12,0
66.22,0.247,100.06,1583.3,69.03,0
85.56,1.909,128.76,1864.1,54.01,2
77.51,0.513,111.5,1535.0,57.87,0
68.39,0.478,97.95,1406.2,58.05,0
68.75,0.705,111.19,1559.0,66.78,0
76.64,0.433,94.73,1552.6,59.83,0
72.78,0.46,94.76,1504.9,55.46,0
72.28,0.699,92.36,1488.7,62.79,0
80.83,0.417,108.76,1520.0,57.98,0
66.78,0.445,92.91,1614.4,53.88,0
74.64,0.485,106.45,1411.8,55.54,0
70.29,0.584,96.18,1539.1,68.67,0
71.34,0.521,80.24,1454.4,61.92,0
77.64,0.371,94.3,1499.0,60.54,0
72.54,0.447,88.21,1487.6,58.75,0
89.58,0.671,128.54,1478.6,61.46,1
87.82,0.911,109.48,1499.5,61.4,1
85.66,0.896,129.48,1443.3,61.46,1
105.42,1.535,133.31,1989.7,60.57,2
64.78,0.322,98.22,1410.3,64.34,0
60.17,0.606,106.56,1527.0,60.12,0
80.28,0.525,109.64,1483.7,55.11,0
64.48,0.638,99.8,1441.5,56.94,0
68.89,0.544,92.29,1510.1,50.1,0
68.62,0.61,82.26,1422.2,70.13,0
71.54,0.547,93.14,1502.0,64.31,0
74.08,0.635,93.83,1428.9,55.85,0
92.98,0.935,116.6,1523.1,58.59,1
99.69,1.238,139.11,1688.8,56.82,2
69.16,0.727,106.88,1477.5,67.71,0
88.67,1.022,117.01,1514.7,52.9,1
68.76,0.557,99.43,1461.4,60.57,0
88.67,0.585,127.52,1497.1,59.46,1
72.45,0.371,103.42,1424.3,64.13,0
73.67,0.529,99.4,1531.5,59.48,0
73.31,0.515,93.98,1588.2,51.21,0
75.87,0.439,93.67,1639.6,58.74,0
70.91,0.514,91.49,1504.6,55.14,0
98.64,1.698,146.15,1906.1,60.4,2
72.0,0.57,107.56,1411.0,67.17,0
66.74,0.386,97.78,1575.1,51.3,0
67.36,0.489,86.5,1538.8,56.0,0
72.93,0.42,117.68,1475.8,57.24,0
76.19,0.461,103.2,1561.9,58.09,0
70.11,0.459,85.93,1487.3,63.7,0
71.54,0.452,95.58,1477.1,59.13,0
78.51,0.374,101.11,1523.8,62.08,0
71.2,0.487,117.05,1446.8,56.87,0
83.01,0.444,88.92,1551.1,61.15,0
72.83,0.207,109.76,1447.2,63.89,0
83.11,2.205,157.28,1711.4,56.34,2
99.27,1.495,143.83,1917.2,63.91,2
109.25,1.698,131.27,1899.1,60.26,2
76.45,0.502,89.64,1469.2,65.23,0
73.37,0.383,97.97,1432.6,58.99,0
69.31,0.67,99.63,1469.7,61.91,0
63.88,0.69,106.6,1498.4,59.8,0
93.84,1.474,167.37,1759.4,59.52,2
65.75,0.602,92.52,1442.4,61.29,0
67.1,0.518,80.33,1605.6,62.68,0
72.94,0.366,99.79,1457.0,53.75,0
78.35,0.459,102.94,1483.8,67.17,0
71.97,0.513,102.49,1481.6,50.7,0
64.02,0.455,96.73,1478.9,56.58,0
72.22,0.478,101.25,1531.1,59.53,0
86.96,0.806,138.92,1547.4,62.06,1
66.95,0.492,103.82,1484.7,67.88,0
69.33,0.505,96.27,1438.2,50.71,0
70.07,0.394,95.0,1563.7,57.46,0
66.08,0.428,98.3,1495.2,49.37,0
73.24,0.372,116.37,1586.5,60.16,0
69.4,0.598,98.17,1387.7,61.36,0
72.1,0.289,99.8,1509.8,67.95,0
65.56,0.615,95.18,1595.9,60.6,0
67.81,0.639,110.99,1482.3,65.22,0
73.61,0.47,119.6,1488.7,62.92,0
68.14,0.24,104.51,1514.8,57.82,0
78.63,0.464,100.83,1472.1,52.96,0
97.72,1.812,155.66,1875.2,61.38,2
81.47,0.784,101.41,1483.1,52.54,1
74.66,0.448,107.45,1468.6,66.48,0
62.91,0.653,101.34,1561.4,59.19,0
61.2,0.566,104.28,1523.1,65.98,0
62.37,0.408,92.89,1512.5,57.6,0
76.31,0.34,96.16,1540.4,61.34,0
67.24,0.467,95.89,1486.8,61.05,0
82.79,0.479,110.22,1461.3,59.77,0
67.18,0.55,96.21,1469.9,57.84,0
70.92,0.446,120.83,1500.1,61.96,0
91.45,0.93,126.93,1447.0,55.37,1
80.03,0.694,87.24,1475.0,53.95,0
80.31,0.582,98.71,1474.2,66.21,0
76.04,0.495,93.48,1606.2,63.64,0
91.49,0.944,97.9,1361.3,60.33,1
72.96,0.464,115.99,1491.0,68.33,0
73.89,0.618,107.03,1586.3,58.66,0
67.24,0.437,105.33,1506.1,66.61,0
99.26,1.448,135.13,1966.1,60.88,2
69.98,0.505,86.18,1505.0,54.88,0
69.15,0.45,95.16,1466.6,69.24,0
67.73,0.363,108.42,1387.9,64.95,0
113.01,1.853,129.74,1914.2,59.39,2
74.78,0.494,74.68,1461.2,63.64,0
70.44,0.55,97.73,1460.0,57.98,0
77.39,0.447,98.58,1475.1,64.15,0
64.29,0.622,101.36,1587.2,48.04,0
69.03,0.412,107.29,1620.2,54.9,0
66.42,0.671,106.38,1510.9,64.9,0
95.04,1.818,147.29,1763.7,58.75,2
69.59,0.543,111.96,1441.1,61.04,0
69.39,0.548,84.81,1523.4,53.27,0
77.57,0.42,105.05,1589.1,69.24,0
73.15,0.542,106.27,1487.6,65.95,0
64.88,0.628,87.6,1381.1,59.0,0
79.27,0.278,84.97,1533.5,57.98,0
76.11,0.55,92.54,1549.3,65.15,0
85.58,0.475,119.04,1420.7,69.91,1
68.87,0.403,107.53,1508.8,64.77,0
77.7,1.008,123.31,1522.6,70.86,1
105.63,1.125,131.2,1759.8,55.39,2
98.95,0.919,152.03,1898.4,55.9,2
91.04,0.794,132.77,1550.8,54.06,1
100.36,1.612,142.94,1825.2,62.21,2
105.18,1.427,153.34,1644.2,60.88,2
99.58,1.783,152.09,1642.8,59.24,2
70.7,0.65,112.92,1563.0,64.05,0
61.16,0.686,92.51,1530.8,66.16,0
71.62,0.49,113.16,1504.4,52.37,0
95.6,1.25,139.44,1931.2,57.02,2
67.67,0.71,98.4,1473.6,64.1,0
62.03,0.659,125.01,1446.2,57.66,0
72.57,0.568,89.44,1478.4,56.01,0
85.98,0.878,115.0,1394.0,65.09,1
64.15,0.495,87.68,1463.2,53.55,0
55.64,0.484,109.52,1484.5,58.49,0
69.86,0.533,116.89,1530.5,61.64,0
78.86,0.645,116.7,1498.0,57.13,0
78.31,0.588,112.24,1539.7,63.92,0
67.71,0.392,98.02,1567.5,57.16,0
66.99,0.638,96.35,1552.9,67.04,0
89.3,0.798,106.89,1523.5,59.37,1
65.01,0.569,120.36,1500.6,63.36,0
71.51,0.647,104.69,1451.0,63.73,0
87.73,0.623,114.44,1537.0,56.86,1
76.13,0.496,113.28,1584.0,49.73,0
69.5,0.447,90.27,1517.1,61.8,0
68.98,0.343,104.07,1595.9,60.36,0
65.61,0.535,98.27,1423.7,62.78,0
82.08,1.001,128.04,1442.3,58.87,1
95.29,1.308,138.79,2022.2,57.85,2
94.35,1.806,137.31,2007.9,70.04,2
74.57,0.564,100.76,1565.7,52.64,0
81.97,0.869,139.72,1499.2,63.67,1
88.1,0.832,126.72,1456.6,57.13,1
68.64,0.37,107.75,1489.3,58.32,0
69.89,0.523,89.54,1423.4,58.41,0
66.26,0.424,99.74,1443.6,55.98,0
57.88,0.281,93.75,1548.6,62.86,0
74.42,0.619,107.47,1543.6,66.95,0
73.68,0.596,100.31,1518.2,62.35,0
99.63,1.241,143.97,1731.6,60.52,2
70.33,0.523,110.88,1482.1,55.07,0
72.58,0.607,106.92,1438.8,62.58,0
73.42,0.897,125.69,1558.8,70.78,1
85.27,0.881,107.7,1470.8,58.1,1
73.97,0.47,99.97,1445.7,58.12,0
74.86,0.895,122.83,1501.5,57.19,1
71.47,0.532,96.56,1468.0,57.55,0
63.22,0.519,96.25,1574.2,46.27,0
72.33,0.373,90.2,1463.3,62.03,0
69.82,0.529,80.43,1430.0,55.77,0
72.06,0.717,113.63,1392.4,51.95,1
75.82,0.436,101.93,1498.5,63.77,0
66.33,0.418,86.52,1471.9,54.59,0
65.95,0.393,100.16,1428.6,58.31,0
87.34,1.173,139.8,1559.5,67.33,1
87.23,0.887,126.38,1533.4,52.95,1
101.67,1.548,155.85,1919.7,52.34,2
70.31,0.378,103.91,1568.2,61.35,0
72.14,0.507,111.68,1533.1,65.75,0
73.47,0.371,92.76,1458.9,52.13,0
70.88,0.43,93.56,1448.0,62.04,0
68.16,0.408,72.61,1540.9,62.9,0
65.86,0.624,111.86,1519.8,49.7,0
70.43,0.46,115.4,1508.5,63.99,0
64.64,0.607,94.47,1457.7,64.38,0
75.04,0.79,116.69,1530.4,58.44,1
72.18,0.73,92.46,1462.2,66.26,0
74.52,0.352,103.83,1494.9,65.68,0
58.19,0.626,111.25,1572.3,60.52,0
64.95,0.615,82.57,1467.0,57.74,0
73.1,0.403,104.09,1421.4,55.14,0
80.29,0.601,97.23,1447.4,59.81,0
70.1,0.534,101.13,1549.7,62.85,0
104.25,1.421,141.18,2011.6,58.38,2
101.13,1.579,134.2,1984.2,49.01,2
76.87,0.428,98.96,1474.5,66.34,0
66.77,0.705,97.86,1524.3,60.95,0
66.0,0.5,109.7,1457.5,58.1,0
67.59,0.578,104.19,1515.3,64.29,0
65.23,0.421,102.21,1463.4,67.62,0
93.6,1.355,143.2,1934.3,45.99,2
78.12,0.608,96.21,1468.1,62.17,0
71.62,0.365,108.99,1481.2,52.87,0
80.26,0.705,117.68,1497.6,62.5,1
68.54,0.503,106.6,1511.8,60.64,0
98.72,1.133,148.11,1690.9,63.18,2
74.42,0.482,110.39,1459.6,57.5,0
69.61,0.54,100.93,1480.4,50.63,0
69.1,0.569,94.89,1575.3,57.75,0
85.97,0.573,74.46,1446.0,62.03,0
71.49,0.401,98.32,1508.1,65.08,0
66.24,0.472,96.74,1574.8,54.14,0
67.87,0.619,103.9,1434.4,65.14,0
75.74,0.589,98.46,1519.7,56.76,0
84.63,0.676,119.99,1459.9,61.81,1
62.81,0.535,82.21,1474.8,57.45,0
74.6,0.302,90.6,1459.8,60.91,0
66.66,0.505,104.77,1463.4,64.46,0
79.37,0.69,117.16,1636.1,53.86,0
75.4,0.405,99.02,1542.2,56.6,0
67.76,0.417,103.28,1555.1,60.92,0
76.41,0.576,109.52,1524.6,72.01,0
91.26,0.956,136.46,1657.9,55.68,2
74.26,0.437,103.67,1519.7,70.2,0
72.42,0.56,92.6,1553.6,70.02,0
65.77,0.437,108.65,1457.3,59.51,0
78.3,0.735,128.75,1548.3,58.51,1
75.15,0.574,102.98,1535.2,56.54,0
68.33,0.542,92.17,1592.6,59.66,0
67.98,0.527,107.07,1479.1,52.97,0
65.22,0.466,120.85,1445.1,59.62,0
72.12,0.537,89.92,1481.9,67.48,0
80.31,0.488,96.6,1571.8,56.94,0
64.66,0.546,102.32,1408.6,58.8,0
70.12,0.45,107.86,1396.6,51.49,0
77.06,0.482,94.4,1504.5,61.87,0
69.6,0.401,71.67,1477.9,61.32,0
90.63,0.967,133.13,1500.4,60.32,1
95.24,0.947,160.61,1807.0,58.92,2
72.14,0.389,82.57,1472.4,58.54,0
69.06,0.526,93.92,1406.3,62.51,0
74.93,0.521,115.68,1602.2,59.86,0
75.94,0.578,114.48,1450.1,61.57,0
82.95,0.457,109.39,1447.0,61.07,0
72.9,0.541,98.24,1555.2,65.62,0
110.73,1.916,157.8,1948.6,63.38,2
70.97,0.544,98.69,1496.8,60.96,0
68.23,0.417,111.28,1524.1,67.59,0
71.69,0.515,91.24,1554.2,62.1,0
68.52,0.536,91.94,1483.3,66.52,0
70.84,0.501,110.1,1576.0,63.03,0
76.59,0.291,99.56,1393.2,50.79,0
64.97,0.516,113.78,1538.0,66.52,0
75.7,0.721,93.28,1458.0,60.68,0
76.59,0.464,99.45,1568.6,59.74,0
69.41,0.427,90.78,1507.1,61.41,0
79.18,0.868,124.89,1466.4,58.28,1
77.98,1.017,107.38,1533.1,61.14,1
89.16,1.041,119.15,1544.7,57.04,1
69.89,0.374,85.64,1532.1,66.37,0
65.0,0.573,106.94,1448.5,59.43,0
67.48,0.559,107.17,1475.8,58.09,0
87.33,0.859,98.29,1499.8,55.38,1
72.73,0.534,113.34,1497.9,61.34,0
80.14,1.019,143.17,1537.5,60.94,1
68.17,0.587,100.46,1399.3,61.94,0
68.04,0.386,93.59,1516.7,54.86,0
65.39,0.582,128.24,1485.5,51.99,0
78.08,0.494,86.81,1458.1,63.13,0
68.39,0.507,100.2,1462.9,67.42,0
76.09,0.507,101.8,1489.3,54.87,0
77.61,0.485,113.45,1319.9,67.95,0
87.3,0.976,123.81,1464.9,61.42,1
67.84,0.492,95.01,1456.2,59.96,0
72.02,0.388,90.49,1526.6,58.01,0
69.88,0.461,96.58,1459.7,53.08,0
105.39,1.204,125.32,1977.2,64.94,2
71.62,0.623,100.48,1577.1,56.12,0
64.1,0.56,94.36,1549.7,56.1,0
75.94,0.415,85.06,1545.1,64.96,0
85.46,0.985,138.44,1475.0,50.59,1
85.11,0.914,112.88,1527.2,52.38,1
71.42,0.628,87.32,1488.3,59.91,0
93.38,1.968,140.78,1807.3,61.47,2
72.93,0.553,100.68,1520.5,62.42,0
67.63,0.584,82.54,1470.2,58.49,0
74.36,0.622,103.32,1574.7,72.65,0
63.27,0.606,89.53,1492.0,58.86,0
70.63,0.587,117.11,1530.9,58.85,0
79.69,0.468,105.24,1572.8,56.02,0
97.9,1.576,139.31,1998.7,60.62,2
81.23,0.839,113.01,1429.6,63.07,1
72.57,0.593,98.95,1522.2,66.02,0
101.75,1.22,141.73,2015.4,52.55,2
71.75,0.607,99.75,1544.6,58.77,0
72.45,0.645,97.83,1444.3,62.23,0
73.17,0.408,100.58,1467.1,62.94,0
75.55,0.416,93.96,1549.7,60.03,0
90.96,0.827,122.92,1461.9,62.71,1
68.79,0.531,79.14,1485.0,55.96,0
73.36,0.448,109.74,1578.8,67.79,0
79.5,0.635,102.99,1497.6,64.96,0
69.34,0.542,92.27,1463.7,53.28,0
65.13,0.504,118.99,1456.1,54.62,0
75.54,0.356,100.87,1516.6,54.77,0
69.4,0.368,89.64,1433.3,63.39,0
59.14,0.528,108.57,1487.6,53.58,0
74.24,0.287,103.98,1516.7,58.34,0
67.32,0.601,103.95,1565.0,62.27,0
69.55,0.484,95.74,1533.4,59.67,0
83.03,1.197,132.66,1464.3,61.29,1
105.54,1.801,147.55,1926.7,54.67,2
73.55,0.482,105.56,1485.0,62.97,0
67.82,0.489,80.95,1438.2,56.93,0
72.57,0.6,95.66,1491.4,58.38,0
68.7,0.67,117.22,1571.9,61.19,0
73.69,0.336,92.33,1508.3,60.52,0
73.08,0.321,93.96,1500.6,60.12,0
65.32,0.438,95.52,1581.9,56.25,0
75.43,0.558,87.85,1428.4,58.5,0
67.32,0.55,77.92,1435.7,60.01,0
74.04,0.607,97.69,1419.2,53.12,0
71.84,0.38,101.36,1518.6,57.69,0
79.19,0.268,99.47,1508.3,61.94,0
68.88,0.586,98.55,1577.1,53.61,0
68.25,0.417,100.43,1512.2,65.78,0
69.9,0.298,110.23,1479.8,66.35,0
68.48,0.515,98.1,1500.1,53.77,0
74.0,0.579,94.26,1505.9,66.79,0
61.92,0.488,97.19,1416.4,59.28,0
64.73,0.454,105.79,1635.5,62.09,0
64.66,0.484,114.12,1526.0,57.52,0
74.75,0.463,93.72,1510.5,64.62,0
78.55,0.365,100.99,1530.8,62.03,0
69.48,0.429,103.38,1535.5,55.93,0
69.16,0.552,90.07,1493.0,54.17,0
70.35,0.532,100.2,1468.4,52.7,0
75.81,0.517,85.34,1530.0,60.94,0
65.36,0.4,82.31,1519.3,62.86,0
71.19,0.482,103.67,1459.5,63.25,0
74.88,0.282,96.16,1571.0,59.41,0
72.51,0.518,102.02,1514.7,54.22,0
92.38,2.077,134.44,1756.4,56.59,2
75.01,0.353,90.24,1569.6,65.76,0
56.48,0.441,99.55,1501.1,57.58,0
73.39,0.533,87.67,1515.8,60.72,0
66.73,0.625,113.91,1540.5,54.62,0
60.85,0.455,86.44,1463.8,61.68,0
84.37,0.909,119.05,1502.7,57.71,1
76.87,0.303,89.58,1506.3,65.23,0
69.31,0.51,105.7,1452.2,63.87,0
113.3,1.901,143.64,1993.9,57.52,2
78.06,0.528,94.81,1429.6,59.37,0
76.57,0.498,108.53,1435.1,57.24,0
78.2,0.532,100.29,1565.7,52.9,0
73.71,0.499,105.17,1535.7,55.71,0
70.38,0.419,90.19,1448.7,60.99,0
61.99,0.582,85.95,1530.4,61.63,0
88.77,1.721,146.52,1797.8,60.74,2
76.01,0.837,116.94,1498.5,58.49,1
80.85,0.402,106.26,1629.9,64.67,0
69.12,0.63,99.2,1413.8,60.32,0
110.01,1.762,151.21,1771.9,63.52,2
72.76,0.445,83.77,1558.3,51.13,0
70.22,0.6,118.88,1544.6,40.39,0
101.01,1.901,139.96,1757.2,61.42,2
66.89,0.422,106.98,1485.5,52.88,0
70.97,0.424,91.64,1522.2,58.94,0
66.29,0.323,103.08,1540.8,58.49,0
97.06,1.571,135.01,1900.6,67.94,2
66.94,0.317,104.52,1552.0,62.0,0
69.81,0.377,96.44,1449.1,60.83,0
67.85,0.292,100.29,1488.6,64.18,0
66.54,0.491,106.98,1453.0,61.84,0
79.13,0.766,116.75,1480.7,57.71,1
69.58,0.467,93.16,1550.8,65.36,0
77.82,0.665,119.9,1505.4,54.45,1
73.8,0.383,120.98,1630.3,61.62,0
70.41,0.546,98.62,1509.7,52.26,0
62.71,0.445,105.91,1503.0,61.02,0
68.45,0.532,98.93,1505.3,60.96,0
66.24,0.411,119.42,1468.1,68.38,0
71.6,0.518,82.53,1497.1,52.18,0
76.7,0.63,100.95,1556.4,57.0,0
60.62,0.559,83.74,1505.7,64.11,0
70.58,0.459,74.93,1460.3,61.68,0
69.2,0.526,102.97,1453.7,60.9,0
73.36,0.476,101.39,1477.5,55.22,0
90.15,0.963,117.2,1503.7,57.05,1
96.55,1.338,140.18,1871.3,66.23,2
68.4,0.484,130.98,1433.0,59.74,0
81.08,0.798,120.15,1484.0,61.88,1
75.38,0.401,105.1,1507.2,59.42,0
70.11,0.398,93.51,1408.3,54.08,0
94.17,0.819,127.22,1458.3,64.67,1
87.65,0.796,125.7,1466.0,62.52,1
66.46,0.378,95.89,1460.2,71.53,0
62.43,0.516,118.19,1509.6,54.92,0
86.14,1.034,157.22,1901.5,64.11,2
62.08,0.551,101.37,1472.2,53.44,0
71.34,0.503,76.96,1521.4,60.79,0
97.43,1.258,127.46,2043.6,64.88,2
74.52,0.931,143.85,1582.0,49.64,1
74.48,0.581,97.69,1403.9,58.98,0
67.58,0.401,111.03,1528.9,57.18,0
70.73,0.542,114.42,1491.1,56.49,0
91.88,0.858,117.79,1507.8,61.93,1
74.48,0.51,91.58,1480.1,65.6,0
68.66,0.374,75.65,1505.9,59.33,0
65.54,0.321,106.84,1507.6,61.03,0
75.74,0.768,107.59,1471.1,60.57,1
66.4,0.488,101.76,1455.2,60.01,0
68.94,0.46,87.5,1477.6,54.55,0
65.06,0.382,97.35,1511.7,65.54,0
105.99,1.542,146.88,1978.0,61.48,2
70.38,0.527,102.69,1542.7,61.97,0
68.88,0.496,88.85,1475.3,55.97,0
79.78,0.781,127.06,1514.2,57.7,1
83.59,0.919,110.16,1548.1,59.12,1
72.21,0.617,83.26,1558.3,52.33,0
64.55,0.382,98.91,1497.1,51.56,0
77.05,0.549,100.34,1489.0,57.0,0
69.51,0.618,101.61,1509.6,62.61,0
70.09,0.548,113.62,1442.5,56.73,0
73.54,0.48,97.64,1490.3,54.91,0
71.17,0.447,98.8,1537.2,55.93,0
74.77,0.604,88.97,1532.1,57.72,0
71.44,0.358,108.21,1486.5,58.23,0
66.94,0.403,101.84,1510.9,70.83,0
71.81,0.46,95.8,1458.8,65.27,0
64.28,0.624,80.95,1535.2,65.12,0
70.54,0.538,114.44,1496.1,65.84,0
69.83,0.403,87.72,1486.2,55.01,0
68.96,0.469,94.09,1481.9,53.89,0
69.36,0.439,103.58,1496.9,54.47,0
60.59,0.429,88.03,1477.6,66.67,0
67.26,0.598,85.06,1532.9,57.26,0
70.46,0.363,78.76,1480.2,53.74,0
70.8,0.661,107.21,1579.6,57.85,0
78.65,0.994,111.17,1573.3,58.81,1
76.33,0.609,129.27,1455.4,61.34,0
65.67,0.454,90.06,1503.5,61.25,0
74.85,0.485,90.79,1467.5,55.86,0
95.17,1.315,131.23,1840.6,63.43,2
66.77,0.448,102.43,1600.1,56.8,0
78.88,0.549,95.3,1484.6,59.22,0
83.41,1.106,122.14,1518.0,63.43,1
74.6,0.389,90.21,1527.1,56.79,0
75.0,0.463,86.18,1450.0,57.15,0
84.49,0.98,102.67,1457.2,62.96,1
76.96,0.36,77.76,1439.7,55.71,0
68.75,0.559,94.82,1455.7,58.08,0
71.44,0.428,96.99,1357.5,62.78,0
71.3,0.48,93.69,1527.2,70.27,0
84.62,0.872,137.39,1602.7,63.03,1
74.05,0.421,112.28,1507.4,62.36,0
102.78,1.985,148.15,1896.7,62.65,2
61.26,0.478,82.06,1467.9,54.63,0
76.52,0.463,94.33,1477.1,60.58,0
61.69,0.427,94.0,1449.1,59.85,0
75.16,0.532,93.43,1543.0,61.61,0
75.63,0.665,93.02,1540.5,60.58,0
64.55,0.514,93.47,1442.2,61.9,0
90.13,2.078,129.29,1938.9,58.44,2
64.47,0.361,93.64,1576.3,60.29,0
68.93,0.516,102.08,1595.1,53.86,0
68.46,0.39,103.6,1643.3,58.4,0
73.9,0.352,90.89,1454.9,66.95,0
105.06,1.07,151.68,1861.4,61.59,2
76.98,0.619,90.2,1482.3,59.9,0
67.19,0.595,83.82,1470.4,69.48,0
91.89,1.052,145.2,1921.2,53.2,2
80.11,0.705,120.1,1470.9,54.45,1
65.97,0.48,103.21,1520.0,68.56,0
74.82,0.53,75.96,1434.0,60.23,0
94.72,0.816,129.99,1488.1,58.79,1
63.83,0.316,106.72,1564.3,54.0,0
67.04,0.411,85.0,1497.1,62.24,0
69.87,0.494,85.21,1507.1,62.72,0
71.4,0.554,116.72,1523.8,54.53,0
65.95,0.28,92.63,1558.5,59.3,0
72.12,0.484,91.66,1417.2,58.32,0
67.63,0.514,77.34,1529.2,61.28,0
69.93,0.585,96.49,1486.6,54.4,0
72.73,0.569,97.72,1508.3,66.26,0
70.03,0.558,107.15,1553.0,64.58,0
81.46,0.732,108.86,1440.3,58.18,1
105.01,0.982,135.78,1772.3,58.92,2
98.72,1.301,164.22,1643.2,59.32,2
91.28,1.531,141.72,1783.4,56.11,2
68.71,0.639,84.29,1566.5,57.78,0
77.99,0.571,110.82,1494.0,58.65,0
111.4,1.331,156.15,1790.1,68.06,2
84.91,0.849,135.21,1475.7,64.73,1
73.48,0.444,99.3,1425.6,64.67,0
68.33,0.487,74.78,1443.7,61.85,0
75.87,0.667,98.48,1519.4,54.41,0
71.85,0.406,110.6,1441.3,59.79,0
69.46,0.661,91.06,1555.6,64.85,0
90.2,0.934,119.69,1496.4,53.71,1
62.15,0.633,98.24,1504.3,63.18,0
64.37,0.359,71.0,1486.1,71.61,0
64.03,0.559,116.71,1538.6,65.31,0
70.71,0.426,90.99,1539.2,67.07,0
78.66,0.358,105.06,1516.8,61.09,0
97.66,0.858,124.19,1528.2,64.84,1
73.19,0.601,112.58,1489.4,56.41,0
72.5,0.416,104.06,1527.1,63.98,0
60.99,0.35,97.65,1483.1,63.27,0
97.78,1.049,131.6,1816.2,61.45,2
66.06,0.491,107.98,1486.3,66.58,0
66.9,0.555,81.27,1477.1,57.31,0
69.16,0.595,106.46,1465.5,59.06,0
67.64,0.494,89.01,1523.4,60.48,0
60.1,0.686,112.52,1565.5,54.85,0
73.74,0.522,101.61,1558.6,61.13,0
78.57,0.903,130.77,1437.2,51.41,1
71.2,0.339,100.82,1564.5,65.23,0
80.37,0.474,82.48,1484.1,60.23,0
65.4,0.466,91.39,1530.0,57.4,0
67.76,0.968,135.03,1454.7,55.83,1
68.57,0.546,101.67,1507.1,58.83,0
75.5,0.382,111.81,1515.7,63.44,0
79.79,0.517,104.03,1425.8,62.74,0
77.88,0.806,112.15,1530.4,56.47,1
94.28,1.259,141.77,1929.6,55.77,2
67.67,0.589,101.03,1491.3,63.28,0
69.47,0.576,76.86,1568.0,56.39,0
83.22,0.506,116.73,1490.5,60.3,0
62.49,0.539,104.42,1542.5,60.62,0
71.27,0.625,112.27,1389.1,61.56,0
72.34,0.367,84.19,1620.9,64.29,0
94.75,0.714,139.55,1574.8,53.69,1
70.49,0.423,122.31,1485.8,50.44,0
102.56,1.595,126.18,1750.9,57.16,2
68.04,0.623,107.71,1514.4,69.01,0
71.35,0.44,100.01,1427.8,70.11,0
86.45,0.747,111.5,1522.2,69.16,1
73.11,0.459,104.93,1520.6,59.04,0
68.15,0.591,108.34,1452.9,51.09,0
71.89,0.554,93.99,1556.0,48.28,0
101.66,1.63,157.42,2016.4,56.93,2
75.63,0.472,83.33,1548.8,59.01,0
69.74,0.372,85.05,1500.4,66.5,0
61.13,0.552,101.37,1429.2,64.34,0
76.31,0.417,100.25,1548.9,61.14,0
65.47,0.718,92.83,1486.5,55.55,0
66.73,0.557,108.1,1430.5,55.2,0
67.02,0.442,105.31,1567.6,61.27,0
76.87,0.439,108.58,1605.0,63.49,0
59.32,0.491,98.77,1497.9,61.96,0
85.69,0.476,106.03,1608.0,54.83,0
75.28,0.612,95.54,1504.6,63.25,0
71.12,0.519,120.54,1481.0,62.13,0
88.18,0.665,108.43,1468.5,54.65,1
86.96,1.044,141.02,1581.9,56.08,1
72.61,0.505,100.35,1461.0,63.44,0
73.23,0.577,86.24,1536.8,58.83,0
72.78,0.439,113.68,1472.0,67.95,0
70.45,0.536,101.26,1477.0,62.51,0
69.01,0.531,108.51,1551.5,57.57,0
69.24,0.311,112.24,1481.0,59.95,0
69.03,0.702,103.38,1479.8,60.32,0
75.67,0.629,94.08,1556.6,56.36,0
72.97,0.46,109.76,1579.9,55.44,0
78.81,1.884,149.23,1796.9,63.51,2
73.28,0.535,106.86,1467.3,64.23,0
70.97,0.509,78.46,1474.5,63.02,0
69.91,0.536,104.47,1504.0,67.58,0
68.06,0.519,93.61,1516.0,57.29,0
75.62,0.551,116.53,1450.6,68.37,0
74.74,0.645,106.23,1536.2,55.5,0
66.14,0.557,102.4,1504.3,54.94,0
72.04,0.395,104.86,1414.2,51.2,0
65.14,0.636,90.02,1453.6,57.77,0
63.1,0.664,116.23,1474.8,57.48,0
66.87,0.815,119.91,1496.4,62.63,0
74.31,0.388,103.93,1594.5,61.22,0
107.34,1.852,147.9,1937.9,54.04,2
72.57,0.292,94.31,1458.0,58.04,0
88.86,0.973,109.37,1511.0,58.14,1
72.58,0.445,100.41,1482.4,51.12,0
85.63,0.893,124.8,1516.2,55.1,1
72.16,0.423,96.06,1529.0,56.15,0
92.26,0.83,121.43,1560.5,67.17,1
73.77,0.453,103.06,1498.8,60.96,0
75.94,0.302,90.02,1581.9,63.31,0
73.54,0.575,105.19,1545.4,52.51,0
71.76,0.293,108.64,1464.6,65.97,0
75.35,0.503,101.71,1610.5,66.51,0
89.69,0.603,127.74,1516.3,50.01,1
83.34,0.863,107.04,1458.2,56.47,1
107.55,1.177,161.19,2065.9,62.48,2
91.23,1.829,147.35,1951.4,63.22,2
